MON$ATTACHMENTS,MON$ATTACHMENT_ID,MON$SERVER_PID,MON$STATE,MON$ATTACHMENT_NAME,MON$USER,MON$ROLE,MON$REMOTE_PROTOCOL,MON$REMOTE_ADDRESS,MON$REMOTE_PID,MON$CHARACTER_SET_ID,MON$TIMESTAMP,MON$GARBAGE_COLLECTION,MON$REMOTE_PROCESS,MON$STAT_ID
MON$CALL_STACK,MON$CALL_ID,MON$STATEMENT_ID,MON$CALLER_ID,MON$OBJECT_NAME,MON$OBJECT_TYPE,MON$TIMESTAMP,MON$SOURCE_LINE,MON$SOURCE_COLUMN,MON$STAT_ID
MON$CONTEXT_VARIABLES,MON$ATTACHMENT_ID,MON$TRANSACTION_ID,MON$VARIABLE_NAME,MON$VARIABLE_VALUE
MON$DATABASE,MON$DATABASE_NAME,MON$PAGE_SIZE,MON$ODS_MAJOR,MON$ODS_MINOR,MON$OLDEST_TRANSACTION,MON$OLDEST_ACTIVE,MON$OLDEST_SNAPSHOT,MON$NEXT_TRANSACTION,MON$PAGE_BUFFERS,MON$SQL_DIALECT,MON$SHUTDOWN_MODE,MON$SWEEP_INTERVAL,MON$READ_ONLY,MON$FORCED_WRITES,MON$RESERVE_SPACE,MON$CREATION_DATE,MON$PAGES,MON$STAT_ID,MON$BACKUP_STATE
MON$IO_STATS,MON$STAT_ID,MON$STAT_GROUP,MON$PAGE_READS,MON$PAGE_WRITES,MON$PAGE_FETCHES,MON$PAGE_MARKS
MON$MEMORY_USAGE,MON$STAT_ID,MON$STAT_GROUP,MON$MEMORY_USED,MON$MEMORY_ALLOCATED,MON$MAX_MEMORY_USED,MON$MAX_MEMORY_ALLOCATED
MON$RECORD_STATS,MON$STAT_ID,MON$STAT_GROUP,MON$RECORD_SEQ_READS,MON$RECORD_IDX_READS,MON$RECORD_INSERTS,MON$RECORD_UPDATES,MON$RECORD_DELETES,MON$RECORD_BACKOUTS,MON$RECORD_PURGES,MON$RECORD_EXPUNGES
MON$STATEMENTS,MON$STATEMENT_ID,MON$ATTACHMENT_ID,MON$TRANSACTION_ID,MON$STATE,MON$TIMESTAMP,MON$SQL_TEXT,MON$STAT_ID
MON$TRANSACTIONS,MON$TRANSACTION_ID,MON$ATTACHMENT_ID,MON$STATE,MON$TIMESTAMP,MON$TOP_TRANSACTION,MON$OLDEST_TRANSACTION,MON$OLDEST_ACTIVE,MON$ISOLATION_MODE,MON$LOCK_TIMEOUT,MON$READ_ONLY,MON$AUTO_COMMIT,MON$AUTO_UNDO,MON$STAT_ID
RDB$BACKUP_HISTORY,RDB$BACKUP_ID,RDB$TIMESTAMP,RDB$BACKUP_LEVEL,RDB$GUID,RDB$SCN,RDB$FILE_NAME
RDB$CHARACTER_SETS,RDB$CHARACTER_SET_NAME,RDB$FORM_OF_USE,RDB$NUMBER_OF_CHARACTERS,RDB$DEFAULT_COLLATE_NAME,RDB$CHARACTER_SET_ID,RDB$SYSTEM_FLAG,RDB$DESCRIPTION,RDB$FUNCTION_NAME,RDB$BYTES_PER_CHARACTER
RDB$CHECK_CONSTRAINTS,RDB$CONSTRAINT_NAME,RDB$TRIGGER_NAME
RDB$COLLATIONS,RDB$COLLATION_NAME,RDB$COLLATION_ID,RDB$CHARACTER_SET_ID,RDB$COLLATION_ATTRIBUTES,RDB$SYSTEM_FLAG,RDB$DESCRIPTION,RDB$FUNCTION_NAME,RDB$BASE_COLLATION_NAME,RDB$SPECIFIC_ATTRIBUTES
RDB$DATABASE,RDB$DESCRIPTION,RDB$RELATION_ID,RDB$SECURITY_CLASS,RDB$CHARACTER_SET_NAME
RDB$DEPENDENCIES,RDB$DEPENDENT_NAME,RDB$DEPENDED_ON_NAME,RDB$FIELD_NAME,RDB$DEPENDENT_TYPE,RDB$DEPENDED_ON_TYPE
RDB$EXCEPTIONS,RDB$EXCEPTION_NAME,RDB$EXCEPTION_NUMBER,RDB$MESSAGE,RDB$DESCRIPTION,RDB$SYSTEM_FLAG
RDB$FIELDS,RDB$FIELD_NAME,RDB$QUERY_NAME,RDB$VALIDATION_BLR,RDB$VALIDATION_SOURCE,RDB$COMPUTED_BLR,RDB$COMPUTED_SOURCE,RDB$DEFAULT_VALUE,RDB$DEFAULT_SOURCE,RDB$FIELD_LENGTH,RDB$FIELD_SCALE,RDB$FIELD_TYPE,RDB$FIELD_SUB_TYPE,RDB$MISSING_VALUE,RDB$MISSING_SOURCE,RDB$DESCRIPTION,RDB$SYSTEM_FLAG,RDB$QUERY_HEADER,RDB$SEGMENT_LENGTH,RDB$EDIT_STRING,RDB$EXTERNAL_LENGTH,RDB$EXTERNAL_SCALE,RDB$EXTERNAL_TYPE,RDB$DIMENSIONS,RDB$NULL_FLAG,RDB$CHARACTER_LENGTH,RDB$COLLATION_ID,RDB$CHARACTER_SET_ID,RDB$FIELD_PRECISION
RDB$FIELD_DIMENSIONS,RDB$FIELD_NAME,RDB$DIMENSION,RDB$LOWER_BOUND,RDB$UPPER_BOUND
RDB$FILES,RDB$FILE_NAME,RDB$FILE_SEQUENCE,RDB$FILE_START,RDB$FILE_LENGTH,RDB$FILE_FLAGS,RDB$SHADOW_NUMBER
RDB$FILTERS,RDB$FUNCTION_NAME,RDB$DESCRIPTION,RDB$MODULE_NAME,RDB$ENTRYPOINT,RDB$INPUT_SUB_TYPE,RDB$OUTPUT_SUB_TYPE,RDB$SYSTEM_FLAG
RDB$FORMATS,RDB$RELATION_ID,RDB$FORMAT,RDB$DESCRIPTOR
RDB$FUNCTIONS,RDB$FUNCTION_NAME,RDB$FUNCTION_TYPE,RDB$QUERY_NAME,RDB$DESCRIPTION,RDB$MODULE_NAME,RDB$ENTRYPOINT,RDB$RETURN_ARGUMENT,RDB$SYSTEM_FLAG
RDB$FUNCTION_ARGUMENTS,RDB$FUNCTION_NAME,RDB$ARGUMENT_POSITION,RDB$MECHANISM,RDB$FIELD_TYPE,RDB$FIELD_SCALE,RDB$FIELD_LENGTH,RDB$FIELD_SUB_TYPE,RDB$CHARACTER_SET_ID,RDB$FIELD_PRECISION,RDB$CHARACTER_LENGTH
RDB$GENERATORS,RDB$GENERATOR_NAME,RDB$GENERATOR_ID,RDB$SYSTEM_FLAG,RDB$DESCRIPTION
RDB$INDEX_SEGMENTS,RDB$INDEX_NAME,RDB$FIELD_NAME,RDB$FIELD_POSITION,RDB$STATISTICS
RDB$INDICES,RDB$INDEX_NAME,RDB$RELATION_NAME,RDB$INDEX_ID,RDB$UNIQUE_FLAG,RDB$DESCRIPTION,RDB$SEGMENT_COUNT,RDB$INDEX_INACTIVE,RDB$INDEX_TYPE,RDB$FOREIGN_KEY,RDB$SYSTEM_FLAG,RDB$EXPRESSION_BLR,RDB$EXPRESSION_SOURCE,RDB$STATISTICS
RDB$LOG_FILES,RDB$FILE_NAME,RDB$FILE_SEQUENCE,RDB$FILE_LENGTH,RDB$FILE_PARTITIONS,RDB$FILE_P_OFFSET,RDB$FILE_FLAGS
RDB$PAGES,RDB$PAGE_NUMBER,RDB$RELATION_ID,RDB$PAGE_SEQUENCE,RDB$PAGE_TYPE
RDB$PROCEDURES,RDB$PROCEDURE_NAME,RDB$PROCEDURE_ID,RDB$PROCEDURE_INPUTS,RDB$PROCEDURE_OUTPUTS,RDB$DESCRIPTION,RDB$PROCEDURE_SOURCE,RDB$PROCEDURE_BLR,RDB$SECURITY_CLASS,RDB$OWNER_NAME,RDB$RUNTIME,RDB$SYSTEM_FLAG,RDB$PROCEDURE_TYPE,RDB$VALID_BLR,RDB$DEBUG_INFO
RDB$PROCEDURE_PARAMETERS,RDB$PARAMETER_NAME,RDB$PROCEDURE_NAME,RDB$PARAMETER_NUMBER,RDB$PARAMETER_TYPE,RDB$FIELD_SOURCE,RDB$DESCRIPTION,RDB$SYSTEM_FLAG,RDB$DEFAULT_VALUE,RDB$DEFAULT_SOURCE,RDB$COLLATION_ID,RDB$NULL_FLAG,RDB$PARAMETER_MECHANISM,RDB$FIELD_NAME,RDB$RELATION_NAME
RDB$REF_CONSTRAINTS,RDB$CONSTRAINT_NAME,RDB$CONST_NAME_UQ,RDB$MATCH_OPTION,RDB$UPDATE_RULE,RDB$DELETE_RULE
RDB$RELATIONS,RDB$VIEW_BLR,RDB$VIEW_SOURCE,RDB$DESCRIPTION,RDB$RELATION_ID,RDB$SYSTEM_FLAG,RDB$DBKEY_LENGTH,RDB$FORMAT,RDB$FIELD_ID,RDB$RELATION_NAME,RDB$SECURITY_CLASS,RDB$EXTERNAL_FILE,RDB$RUNTIME,RDB$EXTERNAL_DESCRIPTION,RDB$OWNER_NAME,RDB$DEFAULT_CLASS,RDB$FLAGS,RDB$RELATION_TYPE
RDB$RELATION_CONSTRAINTS,RDB$CONSTRAINT_NAME,RDB$CONSTRAINT_TYPE,RDB$RELATION_NAME,RDB$DEFERRABLE,RDB$INITIALLY_DEFERRED,RDB$INDEX_NAME
RDB$RELATION_FIELDS,RDB$FIELD_NAME,RDB$RELATION_NAME,RDB$FIELD_SOURCE,RDB$QUERY_NAME,RDB$BASE_FIELD,RDB$EDIT_STRING,RDB$FIELD_POSITION,RDB$QUERY_HEADER,RDB$UPDATE_FLAG,RDB$FIELD_ID,RDB$VIEW_CONTEXT,RDB$DESCRIPTION,RDB$DEFAULT_VALUE,RDB$SYSTEM_FLAG,RDB$SECURITY_CLASS,RDB$COMPLEX_NAME,RDB$NULL_FLAG,RDB$DEFAULT_SOURCE,RDB$COLLATION_ID
RDB$ROLES,RDB$ROLE_NAME,RDB$OWNER_NAME,RDB$DESCRIPTION,RDB$SYSTEM_FLAG
RDB$SECURITY_CLASSES,RDB$SECURITY_CLASS,RDB$ACL,RDB$DESCRIPTION
RDB$TRANSACTIONS,RDB$TRANSACTION_ID,RDB$TRANSACTION_STATE,RDB$TIMESTAMP,RDB$TRANSACTION_DESCRIPTION
RDB$TRIGGERS,RDB$TRIGGER_NAME,RDB$RELATION_NAME,RDB$TRIGGER_SEQUENCE,RDB$TRIGGER_TYPE,RDB$TRIGGER_SOURCE,RDB$TRIGGER_BLR,RDB$DESCRIPTION,RDB$TRIGGER_INACTIVE,RDB$SYSTEM_FLAG,RDB$FLAGS,RDB$VALID_BLR,RDB$DEBUG_INFO
RDB$TRIGGER_MESSAGES,RDB$TRIGGER_NAME,RDB$MESSAGE_NUMBER,RDB$MESSAGE
RDB$TYPES,RDB$FIELD_NAME,RDB$TYPE,RDB$TYPE_NAME,RDB$DESCRIPTION,RDB$SYSTEM_FLAG
RDB$USER_PRIVILEGES,RDB$USER,RDB$GRANTOR,RDB$PRIVILEGE,RDB$GRANT_OPTION,RDB$RELATION_NAME,RDB$FIELD_NAME,RDB$USER_TYPE,RDB$OBJECT_TYPE
RDB$VIEW_RELATIONS,RDB$VIEW_NAME,RDB$RELATION_NAME,RDB$VIEW_CONTEXT,RDB$CONTEXT_NAME
ACCOUNT,ACCOUNTID,FINANCIALDESCRIPTION,FINANCIALID,DEPARTMENTID,DIVISIONID,FUNDID,JOBID,COSTID,INSERTID,QBLISTID,QBNAME
APAPPLY,DEBITAPTRANSID,CREDITAPTRANSID,AMOUNT
APCHECK,CHECKAPTRANSID,PAGEID,CHECKID,SUPPLIERID,APTYPE,TRANSDATE,REFERENCE,GROSSPAYAMOUNT,CASHDISCOUNTAMOUNT,NETPAYAMOUNT,NETPAYSTRING,NETPAYINWORDS,APSUBLEDGERACCOUNTID,BANKACCOUNTID,CASHDISCTEARNACCOUNTID
APCHECKDETAIL,CHECKAPTRANSID,PAGEID,ITEMID,APPLYTOAPTRANSID,APTRANSID,APTYPE,TRANSDATE,REFERENCE,INVOICEAMOUNT,GROSSPAYAMOUNT,CASHDISCOUNTAMOUNT,NETPAYAMOUNT
APENTRY,APTRANSID,USERID,SUPPLIERID,APTYPE,ISDEBIT,TRANSDATE,REFERENCE,APAMOUNT,NETDATE,CASHDISCOUNTDATE,CASHDISCOUNTAMOUNT,PAYMENTDATE,ISPAYMENTHOLD,GROSSPAYAMOUNT,BANKACCOUNTID,PORECEIPTID,ISENTRYHOLD,BATCHID,NOTES,ERRORID,ORIGINLOCATIONID
APENTRYDETAIL,ITEMID,APTRANSID,ACCOUNTID,AMOUNT,ADJUSTEDQTY,PORECEIPTQUANTITY,PORECEIPTDESCRIPTION,PORECEIPTMFRID,PORECEIPTPARTNUMBER,PORECEIPTSERIALNUMBER,PORECEIPTITEMID,PORECEIPTICCOSTAMOUNT,PORECEIPTICQUANTITYBALANCE,PORECEIPTPURCHASESALESRATIO,JOBID,ERRORID,PORECEIPTRECEIVEDQTY,PORECEIPTPRODUCTTYPE,PORECEIPTSTOCKNUMBER,PORECEIPTCORERETURNEDQTY,PORECEIPTCORECOST
APIMPORT,APIMPORTID,SUPPLIERID,APTYPE,TRANSDATE,REFERENCE,APAMOUNT,NOTES,ORIGINUSERID,ORIGINTASKID,ORIGINTRANSID,ORIGINBATCHID,ERRORID,ORIGINLOCATIONID,ORIGINCOMPANYID,NETDATE,CASHDISCOUNTDATE,CASHDISCOUNTAMOUNT
APIMPORTDETAIL,ITEMID,APIMPORTID,ACCOUNTID,AMOUNT,ERRORID,JOBID
APRECUR,APRECURID,SUPPLIERID,CYCLEID,APTYPE,ISDEBIT,STARTDATE,STOPDATE,REFERENCE,APAMOUNT,NOTES,USERID,ERRORID,LASTPROCESSDATE
APRECURDETAIL,ITEMID,APRECURID,ACCOUNTID,AMOUNT,ERRORID,JOBID
APSUBLEDGER,APSUBLEDGERACCOUNTID,CASHDISCTEARNACCOUNTID
APTRANS,APTRANSID,SUPPLIERID,APTYPE,TRANSDATE,REFERENCE,APAMOUNT,APBALANCE,NETDATE,CASHDISCOUNTDATE,CASHDISCOUNTAMOUNT,PAYMENTDATE,ISPAYMENTHOLD,GROSSPAYAMOUNT,APSUBLEDGERACCOUNTID,BANKACCOUNTID,CHECKID,PORECEIPTID,NOTES,BANKRECONCILEDDATE,GLTRANSID,REVERSALAPTRANSID,ENTRYDATE,ORIGINUSERID,ORIGINTASKID,ORIGINTRANSID,ORIGINBATCHID,INSERTID,ERRORID,ORIGINLOCATIONID,ORIGINCOMPANYID,BANKDEPOSITGLTRANSID,ORIGINCOMPUTERNAME,STOCKNUMBER
APTRANSDETAIL,ITEMID,APTRANSID,ACCOUNTID,AMOUNT,JOBID,BANKRECONCILEDDATE,PORECEIPTITEMID
APTYPE,APTYPE,DESCRIPTION,ISDEBIT,GLTYPE,PAYMETHOD
APTYPEDETAIL,APTYPE,ACCOUNTID
ARAPPLY,DEBITARTRANSID,CREDITARTRANSID,AMOUNT
ARCHIVELOG,ARCHIVEYEAR,PERIODENDINGDATE,CREATEDDATETIME,ARCHIVENOTES,ISACTIVE
ARENTRY,ARTRANSID,USERID,CUSTOMERID,ARTYPE,ISDEBIT,TRANSDATE,REFERENCE,ARAMOUNT,NETDATE,CASHDISCOUNTDATE,CASHDISCOUNTAMOUNT,ISCHARGEINTEREST,BANKDEPOSITGLTRANSID,ISENTRYHOLD,BATCHID,NOTES,ERRORID,ORIGINLOCATIONID
ARENTRYDETAIL,ITEMID,ARTRANSID,ACCOUNTID,AMOUNT,ERRORID,JOBID
ARIMPORT,ARIMPORTID,CUSTOMERID,ARTYPE,TRANSDATE,REFERENCE,ARAMOUNT,NOTES,ORIGINUSERID,ORIGINTASKID,ORIGINTRANSID,ORIGINBATCHID,ERRORID,ORIGINLOCATIONID,ORIGINCOMPANYID,NETDATE,CASHDISCOUNTDATE,CASHDISCOUNTAMOUNT
ARIMPORTDETAIL,ITEMID,ARIMPORTID,ACCOUNTID,AMOUNT,ERRORID,JOBID
ARRECUR,ARRECURID,CUSTOMERID,CYCLEID,ARTYPE,ISDEBIT,STARTDATE,STOPDATE,REFERENCE,ARAMOUNT,NOTES,USERID,ERRORID,ISTEMPLATE,LASTPROCESSDATE,ISCHARGEINTEREST,LOCATIONID,SALESREP,SALESTAXCODE,TERMS,USECARDONFILE,CREATESALESINVOICE,PAYMENTARTYPE,ERRORMSG,FAILDATE,FREQUENCY,DOPRINTINVOICE,DOEMAILINVOICE,DOPRINTRECEIPT,DOEMAILRECEIPT
ARRECURDETAIL,ITEMID,ACCOUNTID,ARRECURID,AMOUNT,ERRORID,JOBID,MFRID,PARTNUMBER,PRODUCTDESCRIPTION,QTY,NET,SALESTAXCLASS
ARRECURTAXTRANS,ITEMID,ARRECURID,SALESTAXAGENCY,SALESTAXCLASS,TAXABLESALES,TAXABLESALESBYLINE,EXEMPTSALES,TAXBYLINE,SALESBYLINEABOVE
ARSUBLEDGER,ARSUBLEDGERACCOUNTID,INTERESTREVENUEACCOUNTID,CASHDISCTEXPACCOUNTID,ISINTERESTONINTEREST
ARTRANS,ARTRANSID,CUSTOMERID,ARTYPE,TRANSDATE,REFERENCE,ARAMOUNT,ARBALANCE,NETDATE,CASHDISCOUNTDATE,CASHDISCOUNTAMOUNT,ISCHARGEINTEREST,BANKDEPOSITGLTRANSID,ARSUBLEDGERACCOUNTID,NOTES,GLTRANSID,REVERSALARTRANSID,ENTRYDATE,ORIGINUSERID,ORIGINTASKID,ORIGINTRANSID,ORIGINBATCHID,INSERTID,ERRORID,BANKRECONCILEDDATE,ORIGINLOCATIONID,ORIGINCOMPANYID,ORIGINCOMPUTERNAME,CCNUMBER,CCEXPMONTH,CCEXPYEAR,CCRESPCODE,CCAUTH,CCCLERK,CCCOMMENT,CCTOTAL,CCBILLTOST,CCBILLTOZIP,CCANS,STOCKNUMBER,CCRESULTS
ARTRANSDEFERRED,ARTRANSDEFERREDID,ARTRANSID,TRANSDATE,REFERENCE,NOTES,GLTRANSID
ARTRANSDETAIL,ITEMID,ARTRANSID,ACCOUNTID,AMOUNT,JOBID,BANKRECONCILEDDATE
ARTRANSDETAILDEFERRED,ITEMID,ARTRANSDEFERREDID,ACCOUNTID,AMOUNT,JOBID,BANKRECONCILEDDATE
ARTYPE,ARTYPE,DESCRIPTION,ISDEBIT,GLTYPE,DOVERIFY,ISPAYMENT,ITEMPOSITION,OPENDRAWER,LOCATIONID
ARTYPEDETAIL,ARTYPE,ACCOUNTID
BANK,BANKACCOUNTID,BALANCELASTSTATEMENT,SERVICECHARGEACCOUNTID,INTERESTACCOUNTID,BANKNAME,RECONCILEDID,ADDRESS1,ADDRESS2,CITY,ST,ZIP,COUNTRY,PHONE,FAX,ALTPHONE,PHONEEXT,FAXEXT,ALTPHONEEXT,ROUTINGNUMBER,ACCOUNTNUMBER,REFERENCE,ISRECONCILESAVED,SAVERECONCILEDDATE,SAVEOPENINGBALANCE,SAVEENDINGBALANCE,SAVEINTERESTAMOUNT,SAVEINTERESTDATE,SAVEINTERESTACCOUNTID,SAVESERVICECHARGEAMOUNT,SAVESERVICECHARGEDATE,SAVESERVICECHARGEACCOUNTID,UNDEPOSITEDFUNDSACCOUNTID
BANKSAVERECONCILE,BANKACCOUNTID,APPLICATIONID,TRANSID
BMDETAIL,BMMASTERPRODUCTID,BMDETAILPRODUCTID,QUANTITY
BMEXPLODED,PRODUCTID,BMDETAILPRODUCTID,QUANTITY,COST
BMINDENTED,ITEMID,PRODUCTID,INDENTLEVEL,BMMASTERPRODUCTID,BMDETAILPRODUCTID,MASTERQUANTITY,DETAILQUANTITY,TOTALQUANTITY,TOTALCOST,ISTERMINAL
BMINPUT,PURCHASEORDERID,PRODUCTID,QUANTITY
BMMASTER,BMMASTERPRODUCTID
BMOUTPUT,PURCHASEORDERID,PRODUCTID,BMDETAILPRODUCTID,QUANTITY
BODYTYPE,BODYTYPEID,BODYTYPE,DESCRIPTION
CALENDARAPTTYPE,APTTYPE,DESCRIPTION,CALENDARTAB,LABELCOLOR,DISPLAYPOSITION
CALENDARRESOURCE,RESOURCEID,RESOURCECOLOR,RESOURCEIMAGEINDEX,RESOURCENAME
CALENDARSETTINGS,USERID,SALESREP,APTTYPE,CALENDARTAB,CALENDAROVERVIEW,DISPLAYPOSITION
CALENDARTRANSDETAIL,CALENDARTRANSID,EMPLOYEEID,APTTYPE,STARTDATE,STARTDATEONLY,ENDDATE,ENDDATEONLY,WORKORDERID,LOCATIONID,CUSTOMERID,CUSTOMERNAME,COMMENT,ENTRYDATE,ORIGINUSERID,ORIGINCOMPUTERNAME,ORIGINTASKID,COMPLETE,PARENTID,EVENTTYPE,OPTIONS,CAPTION,RECURRENCEINDEX,RECURRENCEINFO,RESOURCEID,LOCATION,EVENTMESSAGE,REMINDERDATE,REMINDERMINUTES,EVENTSTATE,LABELCOLOR,ACTUALSTART,ACTUALFINISH,SYNCIDFIELD,GROUPID,REMINDERRESOURCESDATA,TASKCOMPLETE,TASKINDEX,TASKLINKS,TASKSTATUS,EMPLOYEETYPE,WORKORDERJOBID
CANNEDMESSAGE,CANNEDMESSAGEID,SUBJECTMESSAGE,MAILTYPE,ISDEFAULT,BODYMESSAGE,ISSMS
COMMENTLOG,COMMENTID,CREATEDBY,CREATEDATETIME,LASTMODIFIEDDATETIME,LASTMODIFIEDBY,COMMENT,SOURCEID
COMMENTLOGSOURCE,SOURCEID,SOURCEDESCR
COMPANYCONTROL,APPLICATIONID,ITEMID,INTEGERVALUE,STRINGVALUE,MEMOVALUE,MONEYVALUE,FLOATVALUE,LOCATIONID
COST,COSTID,DESCRIPTION,COSTGROUPID
COSTGROUP,COSTGROUPID,DESCRIPTION
CURRENCY,CURRENCYID,DESCRIPTION,CONVERTRATE
CUSTOMER,CUSTOMERID,CUSTOMERTYPE,NAME,FIRSTNAME,LASTNAME,ADDRESS1,ADDRESS2,CITY,STATE,ZIP,COUNTRY,PHONE,PHONEEXT,ALTPHONE,ALTPHONEEXT,FAX,FAXEXT,EMAIL,WEBPAGE,ARSUBLEDGERACCOUNTID,ISCHARGEINTEREST,ISISSUESTATEMENT,ISBALANCEFORWARD,ARCONTACT,SALESCONTACT,SALESREP,TERMS,CREDITLIMIT,SHIPVIA,SALESTAXCODE,SALESTAXLICENSE,ISTAXABLE,VATCODE,VATLICENSE,THEIRSUPPLIERID,NOTES,CUSTOMERPRICELEVEL,CREDITCARDNUMBER,EXPDATE,FIELD1,FIELD2,FIELD3,ENTRYDATE,NAMESEARCH,CITYSEARCH,ISORGANIZATION,ISPOREQUIRED,ISWARNING,WARNINGNOTES,DEPOSITSUBLEDGERACCOUNTID,DRIVERSLICENSENUMBER,DATEOFBIRTH,MIDDLENAME,COUNTY,SSN,LOGINPASSWORD,ISEMAILSTATEMENT,CELL,CELLEXT,ALLOWTEXTS,DEFAULTBILLTO,ISACTIVE,ALLOWEMAIL
CUSTOMERCARDNUMBERS,CARDNUMBERID,CUSTOMERID,PROVIDER,CCTOKEN,CCACCOUNT,CCEXP,CCTYPE
CUSTOMERCONTACTS,CONTACTID,CUSTOMERID,FIRSTNAME,LASTNAME,TITLE,PHONE,PHONEEXT,ALTPHONE,ALTPHONEEXT,FAX,FAXEXT,EMAIL,NOTES,ISPRIMARY,MIDDLENAME
CUSTOMERCREDITAUTH,SALESORDERID,CUSTOMERID,PROVIDER,CCTOKEN,CCACCOUNT,CCEXP,CCTYPE,TRANSDATE,AUTHAMOUNT,FROMCART
CUSTOMERPRICELEVEL,CUSTOMERPRICELEVEL,DESCRIPTION,NORMALPRICELEVEL
CUSTOMERPRICERANGE,PRICERANGECODE,DESCRIPTION
CUSTOMERPRICERANGEDETAIL,PRICERANGECODE,PRICE,CALCULATIONTYPE,CALCULATIONAMOUNT,DETAILPRICERANGECODE
CUSTOMERPRODUCTPRICECODE,PRICINGID,CUSTOMERID,PRODUCTPRICECODE,STARTDATE,ENDDATE,CALCULATIONBASE,CALCULATIONTYPE,CALCULATIONAMOUNT,PRICERANGECODE,QTYDISCOUNTCODE,INFODATE,ROUNDTO,SUBTRACT
CUSTOMERTYPE,CUSTOMERTYPE,DESCRIPTION,ARSUBLEDGERACCOUNTID,ISCHARGEINTEREST,ISISSUESTATEMENT,ISBALANCEFORWARD,TERMS,CUSTOMERPRICELEVEL,SHIPVIA,SALESTAXCODE,VATCODE,ISTAXABLE,CREDITLIMIT,FIELD1,FIELD2,FIELD3,ISORGANIZATION,DEPOSITSUBLEDGERACCOUNTID,EZLINKTYPE,DEFAULTBILLTO,ISACTIVE
CUSTOMFIELDVALUES,MASTERTABLE,FIELDNUMBER,CUSTOMPOSITION,CUSTOMVALUE
DEPARTMENT,DEPARTMENTID,DESCRIPTION
DIVISION,DIVISIONID,DESCRIPTION
DOTMATRIXPRINTERS,DRIVERNAME
DUPLICATE_SERIALS_TEMP,MFRID,PARTNUMBER,PRODUCTSERIALNUMBER,STOCKNUMBER
EMAILNOTIFY,EMAILNOTIFYID,MARKETINGEMAILID,CANNEDMESSAGEID,ORDERID,NOTIFYDATE,NOTES,EMAILTO,EMAILFROM,SUBJECT,BODY,CUSTID,SUCCESSFUL
EMPLOYEE,EMPLOYEEID,NAME,ADDRESS1,ADDRESS2,CITY,STATE,ZIP,PHONE,SSN,PAYTYPE,PAYSTATE,PAYPERIODS,ANNUALSALARY,MARITAL,ALLOWANCES,DEPARTMENTID,LOCALITY,LITCODE,SDICODE,SUTACODE,WCCODE,EEOCODES,BIRTHDATE,STARTDATE,STOPDATE,LASTPAYDATE,STOPREASON,MINHOURS,RATE1,RATE2,RATE3,RATE4,RATE5,RATE6,EARN1,EARN2,EARN3,EARN4,EARN5,EARN6,EARN7,EARN8,EARN9,EARN10,EARN11,EARN12,EARN13,EARN14,EARN15,EARN16,EARN17,EARN18,EARN19,EARN20,DEDUCT1,DEDUCT2,DEDUCT3,DEDUCT4,DEDUCT5,DEDUCT6,DEDUCT7,DEDUCT8,DEDUCT9,DEDUCT10,DEDUCT11,DEDUCT12,DEDUCT13,DEDUCT14,DEDUCT15,DEDUCT16,DEDUCT17,DEDUCT18,DEDUCT19,DEDUCT20,EXCESSFITWH,EXCESSSITWH,W2STATUTORY,W2DECEASED,W2PENSION,W2LEGAL,W2942,W2DEFERRED,NOTES,ERRORID,ISCOMMISSIONED,EMAIL,JOBTITLE,FIRSTNAME,ALTPHONE
EMPLOYEEQTD,EMPLOYEEID,TAXYEAR,TAXQUARTER,TAXABLEPAY,FITWH,SITWH,LITWH,FICAWH,MEDIWH,SUTAWH,SDIWH,WCWH,FICAEXP,MEDIEXP,FUTAEXP,SUTAEXP,SDIEXP,WCEXP
EMPLOYEETYPE,EMPLOYEETYPE,DESCRIPTION,SALESCOMMISSIONCODE,COMMISSIONEXPACCOUNTID,DEFAULTLABORCATEGORY,DEFAULTRATECODE,DOALLOWCHANGINGTIME,DEFAULTWOLABORCATEGORY,DEFAULTWORATECODE,DEFAULTSTAYCLOCKEDIN,CALENDARTAB,CALENDAROVERVIEW,ISACTIVE
EMPLOYEEYTD,EMPLOYEEID,TAXYEAR,TAXABLEPAY,GROSSPAY,DEDUCTIONS,NETPAY,HOURS1,HOURS2,HOURS3,HOURS4,HOURS5,HOURS6,FITWH,SITWH,LITWH,FICAWH,MEDIWH,SUTAWH,SDIWH,WCWH,FICAEXP,MEDIEXP,FUTAEXP,SUTAEXP,SDIEXP,WCEXP,EARN1,EARN2,EARN3,EARN4,EARN5,EARN6,EARN7,EARN8,EARN9,EARN10,EARN11,EARN12,EARN13,EARN14,EARN15,EARN16,EARN17,EARN18,EARN19,EARN20,EARN21,EARN22,EARN23,EARN24,EARN25,EARN26,DEDUCT1,DEDUCT2,DEDUCT3,DEDUCT4,DEDUCT5,DEDUCT6,DEDUCT7,DEDUCT8,DEDUCT9,DEDUCT10,DEDUCT11,DEDUCT12,DEDUCT13,DEDUCT14,DEDUCT15,DEDUCT16,DEDUCT17,DEDUCT18,DEDUCT19,DEDUCT20
EVENTCATEGORY,CATEGORY,DESCR
EVENTLINKTYPE,LINKTYPE,DESCR
EVENTLOG,LOGID,LOGDATE,CATEGORY,LINKTYPE,OPERATION,USERID,DESCR,LINKREF,OPERATOR,CONTRACTID,USERIDNO
EVENTOPERATION,OPERATION,DESCR
FIFORM,FIFORMID,FIFORMTYPEID,DESCRIPTION,REPORTNAME
FIFORMSET,FIFORMSETID,FIFORMID,STOCKUNITCATEGORYID,DESCRIPTION
FIFORMTYPE,FIFORMTYPEID,FORMTYPE,DESCRIPTION
FIFORMVARIABLES,REPORTNAME,VARIABLENAME,VARIABLEFORMULA
FIINSURANCEITEM,ITEMID,TITLE,DESCRIPTION,IMAGEIDX,MFRID,PARTNUMBER,CHARGE,COST,APPID,ENTITYID,FITERM,FIMILES,FIDEDUCTIBLE,FIITEMTYPE
FIINSURANCEMENU,MENUID,DESCRIPTION,OPTION1TITLE,OPTION1ITEM1,OPTION1ITEM2,OPTION1ITEM3,OPTION1ITEM4,OPTION1ITEM5,OPTION1ITEM6,OPTION2TITLE,OPTION2ITEM1,OPTION2ITEM2,OPTION2ITEM3,OPTION2ITEM4,OPTION2ITEM5,OPTION2ITEM6,OPTION3TITLE,OPTION3ITEM1,OPTION3ITEM2,OPTION3ITEM3,OPTION3ITEM4,OPTION3ITEM5,OPTION3ITEM6,OPTION4TITLE,OPTION4ITEM1,OPTION4ITEM2,OPTION4ITEM3,OPTION4ITEM4,OPTION4ITEM5,OPTION4ITEM6
FINANCECOMPANY,FINANCECOMPANYID,CUSTOMERID,DEALERNUMBER,LICENSENUMBER,FEDID,INTERESTRATE,LATECHARGERATE,LATECHARGEFEE,LATECHARGEDAYS,OTHERFEE,OTHERDESCRIPTION,SUPPLIERID,NOTES,DEFAULTTERM,LEASEOFFER,MONEYFACTOR,INTERESTCALC
FINANCECOMPANYRATE,FINANCECOMPANYRATEID,FINANCETERM,FINANCERATE,FINANCETYPE,DESCRIPTION,ISDEFAULT,FINANCECOMPANYID,BUYRATE,FLATFEE
FINANCIAL,FINANCIALID,DESCRIPTION,CLASS,NORMAL,CURRENCYID,CURRENCYOFFSETFINANCIALID
FISCALPERIOD,FISCALYEAR,FISCALPERIOD,STARTDATE,ENDDATE
FRDETAIL,REPORTID,MAJORID,MINORID,DETAILID,DETAILTITLE,TITLEINDENT,AMOUNTINDENT,ISTOTAL,PERCENTOF,DOPRINTTITLE
FRFINANCIAL,REPORTID,MAJORID,MINORID,DETAILID,FINANCIALID,ENDFINANCIALID
FRMAJOR,REPORTID,MAJORID,MAJORTITLE,DOPRINTTITLE,ISTOTAL,TITLEINDENT,TOTALAMOUNTINDENT,REVERSESIGN
FRMINOR,REPORTID,MAJORID,MINORID,MINORTITLE,DOPRINTTITLE,ISTOTAL,TITLEINDENT,TOTALAMOUNTINDENT
FRREPORT,REPORTID,REPORTTITLE
FUND,FUNDID,DESCRIPTION
GENERICINT,ID,NAME,SUPPLIERID,FIELD1,FIELD2,FIELD3,FIELD4,FIELD5,FIELDDELIMETER,FIELD1SIZE,FIELD2SIZE,FIELD3SIZE,FIELD4SIZE,FIELD5SIZE,FILENAME,SHOWHEADER,SHOWROWNUM
GLALLOCATION,SOURCEACCOUNTID
GLALLOCATIONDETAIL,SOURCEACCOUNTID,TARGETACCOUNTID,ALLOCATIONPERCENT
GLBALANCE,ACCOUNTID,FISCALYEAR,FISCALPERIOD,BALANCE,COMPOSITEKEY
GLBALANCEMERGEWORK,ACCOUNTID,FISCALYEAR,FISCALPERIOD,BALANCE,COMPOSITEKEY
GLBUDGET,BUDGETID,ACCOUNTID,FISCALYEAR,FISCALPERIOD,BUDGET
GLENTRY,GLTRANSID,USERID,GLTYPE,TRANSDATE,REFERENCE,CURRENCYID,ISAUTOREVERSE,ISENTRYHOLD,BATCHID,NOTES,ERRORID,ORIGINUSERID,ORIGINTASKID,ORIGINTRANSID,ORIGINCOMPANYID,ENTRYDATE,ORIGINCOMPUTERNAME
GLENTRYDETAIL,ITEMID,GLTRANSID,ACCOUNTID,DEBIT,CREDIT,ERRORID,JOBID
GLIMPORT,GLIMPORTID,GLTYPE,TRANSDATE,REFERENCE,CURRENCYID,NOTES,ORIGINUSERID,ORIGINTASKID,ORIGINTRANSID,ORIGINBATCHID,ERRORID,ORIGINCOMPANYID,ENTRYDATE,ORIGINCOMPUTERNAME
GLIMPORTDETAIL,ITEMID,GLIMPORTID,ACCOUNTID,AMOUNT,ERRORID,JOBID
GLRECUR,GLRECURID,CYCLEID,GLTYPE,STARTDATE,STOPDATE,REFERENCE,CURRENCYID,NOTES,ISAUTOREVERSE,USERID,ERRORID,LASTPROCESSDATE
GLRECURDETAIL,ITEMID,GLRECURID,ACCOUNTID,DEBIT,CREDIT,ERRORID,JOBID
GLROLE,GLROLEID,DESCRIPTION,ACCOUNTID
GLTRANS,GLTRANSID,GLTYPE,TRANSDATE,REFERENCE,CURRENCYID,BANKRECONCILEDDATE,NOTES,ALLOCATIONGLTRANSID,REVERSALGLTRANSID,ENTRYDATE,ORIGINUSERID,ORIGINTASKID,ORIGINTRANSID,ORIGINBATCHID,INSERTID,ERRORID,ORIGINCOMPANYID,BANKDEPOSITGLTRANSID,ORIGINCOMPUTERNAME
GLTRANSDETAIL,ITEMID,GLTRANSID,ACCOUNTID,AMOUNT,JOBID,BANKRECONCILEDDATE
GLTYPE,GLTYPE,DESCRIPTION,APPLICATIONID
GLTYPEDETAIL,GLTYPE,ACCOUNTID
GTTDATAANALYTICS_MFR,MFRID,MFRNAME,TOTAL_REVENUE_MTD,TOTAL_COST_MTD,TOTAL_REVENUE_YTD,TOTAL_COST_YTD
GTTLABOREFFICIENCY,TRANSDATE,HOURSBILLED,HOURSWORKED,DOLLARSBILLED,NONWOHOURSBILLED,CLOCKEDHOURSWORKED,NONWODOLLARSBILLED,NUMBEROFCOMPLETEWO
GTTPRODUCTLOCATIONS1155,ITEMID,COMPANYID,LOCATIONID,COMPANYNAME,LOCATIONNAME,ISDBREMOTE,DBSERVERNAME,OHAQ,ONORDER,TOTALQUANTITY,TOTALALLOCATED,TOTALVALUE,AVERAGEVALUE,ORDERCODE,BINLOCATION,LEVEL1,LEVEL2,LEVEL3,LEVEL4,MFRID,PARTNUMBER,TOTALUSEDCOREQUANTITY,LASTCOUNTDATE,LASTCOUNTUSERID
GTTPRODUCTSTOCK,MFRID,PARTNUMBER,LOCATIONID
GTTPRODUCTSTOCK1151,MFRID,PARTNUMBER
GTTSELINVSALEGROUPED,MFRID,PARTNUMBER,LOCATIONID,AVAILABLEQTY,PURCHASEORDERONORDERQTY,ALLOCATEDQTY,BACKORDEREDQTY,BINLOC,ONHANDQTY,STOCKLEVEL1,STOCKLEVEL2,STOCKLEVEL3,STOCKLEVEL4,LISTPRICE,UOM,SALES12MONTH,LASTSOLDDATE,LASTRECEIPTDATE
ICAPPLY,RECEIPTTRANSITEMID,RECEIPTTRANSAPPID,ISSUETRANSITEMID,ISSUETRANSAPPID,QUANTITY,AMOUNT,CORECUSTOMERBALANCE,COREUSEDOHBALANCE
ICENTRY,ICTRANSID,USERID,LOCATIONID,TOLOCATIONID,TRANSDATE,REFERENCE,ISENTRYHOLD,BATCHID,NOTES,ERRORID,JOBID,ADJUSTMENTACCOUNTID,ICQTYTYPE
ICENTRYDETAIL,ITEMID,ICTRANSID,QUANTITY,AMOUNT,POSTEDQUANTITY,ERRORID,MFRID,PARTNUMBER,PRODUCTSERIALNUMBER,ICLOCATIONID,ASSETACCOUNTID,OFFSETACCOUNTID,BINLOCATION,ADJQTY
ICENTRYDETAILAUDIT,ITEMID,ICTRANSID,USERID,ICQTYTYPE,TRANSDATETIME,ADJUSTMENTQTY,POSTEDQUANTITY,MFRID,PARTNUMBER,PRODUCTSERIALNUMBER,LOCATIONID,TOLOCATIONID,NOTES,ADJUSTMENTACCOUNTID,ASSETACCOUNTID,OFFSETACCOUNTID,SYSTEMQTY
ICIMPORT,ICIMPORTID,ICTYPE,LOCATIONID,TOLOCATIONID,TRANSDATE,REFERENCE,NOTES,ORIGINUSERID,ORIGINTASKID,ORIGINTRANSID,ORIGINBATCHID,ERRORID,JOBID,ADJUSTMENTACCOUNTID
ICIMPORTDETAIL,ITEMID,ICIMPORTID,QUANTITY,AMOUNT,ERRORID,POSTEDQUANTITY,MFRID,PARTNUMBER,PRODUCTSERIALNUMBER,ASSETACCOUNTID,ICLOCATIONID
ICS_CUSTOMER_PAYMENTINFO,CUSTOMERID,CUSTOMERREF,PAYMENTID,ACCOUNTCARDTYPE,MASKEDACCOUNT
ICS_LICENSE,SERIALNUMBER,USERCOUNT,CUSTOMERID,RESTRICTUPDATE,TESTUPDATE,ASSIGNEDVERSION,ACTUALVERSION,ACTUALBUILD,EXPIREDATE
ICS_LICENSECONFIG,SERIALNUMBER,COMPANYNAME,CONFIGURATIONID
ICS_VERSION,IDEALVERSION,BUILD
ICTRANS,ICTRANSID,ICTYPE,LOCATIONID,TRANSDATE,REFERENCE,NOTES,ENTRYDATE,ORIGINUSERID,ORIGINTASKID,ORIGINTRANSID,ERRORID,JOBID,BMORDERID,ADJUSTMENTACCOUNTID,GLTRANSID,TRANSTIME,ORIGINCOMPUTERNAME
ICTRANSDETAIL,ITEMID,ICTRANSID,MFRID,PARTNUMBER,ICQUANTITY,ICCOSTAMOUNT,ICQUANTITYBALANCE,ICCOSTBALANCE,PRODUCTSERIALNUMBER,ASSETACCOUNTID,ALLOCATEDAPPID,ALLOCATEDITEMID,ICLOCATIONID,APPID,OFFSETACCOUNTID,GLCOSTBALANCE,STOCKNUMBER
IDEALTRACK,INTID,TRANID,TRADEID,FORMTAG,FORMDESC,USERNAME,USERID,COMPANYLOCATION,TRACKTIME,IDEALVERSION,APPID,SERIALNUMBER,COMPANYNAME,SOURCEAPP
INTACTIVATED,ID,INTID,TRANID,TRADEID,LOCATIONID,INTIDDESC,TRANIDDESC,TRADEIDDESC,SUBMITTED,WSNAME,LASTUSED,USERNAME,RESULT
INTACTIVATEDDETAIL,ITEMID,INTACTIVATEDID,FIELDNAME,SORTID,FIELDVALUE
INTACTIVATEDMFR,INTACTIVATEDID,MFRID,CATEGORY
INTACTIVATEDSUPPLIER,INTACTIVATEDID,SUPPLIERID
INTERFACEAUDIT,AUDITID,IDEALARTRANSID,SUPPLIERID,SENTSUCCESSFULLY,SENTTIMESTAMP,COMMTYPE,IDEALORDERID,WEBSERVICEORDERNUMBER,ORDERSLASTPULLED,INTID,TRADEID
INTERFACESYSTEMS,SYSTEM,ORDERIMPORTTASKID,ORDERIMPORTFROMTEXT,ORDERIMPORTTEXTFORMAT,ORDERIMPORTMASTERFILE,ORDERIMPORTDETAILFILE,ORDERIMPORTLOCATIONID,ORDERIMPORTSALESREP,ORDERIMPORTPAYMENTARTYPE,ORDERIMPORTCUSTOMERTYPE,ORDERIMPORTORDERACTION,ORDERIMPORTCASHPAYMENTARTYPE,ORDERIMPORTCHECKPAYMENTARTYPE,ORDERIMPORTBOALL,WEBSERVICEPASSWORD,WEBSERVICEUSERID
INTEXTRA,THISTRANID,INTID,TRANID,SECTIONID,FIELDID,FIELDNAME,THEVALUE,PROPERTY
INTTRADINGPARTNERDETAILS,INTID,TRADEID,CONSENTGIVEN
INTXREF,IDEALID,TRADEID,INTID,AUTHORIZED,IDEALID2
JOB,JOBID,DESCRIPTION,PROJECTID,CUSTOMERID,SELLESTIMATE,STARTDATE,FINISHDATE,CLOSEDATE
JOBCODE,CODEGROUPID,CODETYPE,JOBCODE,DESCRIPTION,HOURS,AMOUNT,SERVICEPRODUCTID,SERVICEMFRID,WARRANTYCODE,EXTRAISPERCENT,EXTRAPERCENTOF,EXTRAPERCENTMAX,EXTRADODEFAULT,EXTRADEFAULTTYPE,EXTRAITEMSTYPE,EXTRAPERCENT,EXTRAFIRSTJOB
JOBCODEGROUP,CODEGROUPID,DESCRIPTION
JOBCOST,JOBID,COSTID,HOURSESTIMATE,HOURSCOSTESTIMATE,COSTESTIMATE
JOBSETMEMBER,CODEGROUPID,CODETYPE,JOBCODE,JOBMEMBERTYPE,JOBMEMBERCODE
LABORCATEGORY,LABORCATEGORY,DESCRIPTION
LABORTRANSDETAIL,LABORTRANSID,EMPLOYEEID,STARTDATE,ENDDATE,RATECODE,PAYRATE,LABORCATEGORY,WORKORDERID,WORKORDERDETAILITEMID,COMMENT,NOTES,ENTRYDATE,ORIGINUSERIDIN,ORIGINCOMPUTERNAMEIN,ORIGINTASKIDIN,ORIGINUSERIDOUT,ORIGINCOMPUTERNAMEOUT,ORIGINTASKIDOUT,ISCLOCKEDIN,STARTDATEONLY,ENDDATEONLY
LABORTRANSWORK,LABORTRANSID,EMPLOYEEID,STARTDATE,ENDDATE,RATECODE,LABORCATEGORY,COMMENT
LOCATION,LOCATIONID,NAME,ADDRESS1,ADDRESS2,CITY,STATE,ZIP,COUNTRY,PHONE,FAX,EMAIL,ALTPHONE,PHONEEXT,FAXEXT,ALTPHONEEXT,EMAILUSERNAME,EMAILPASSWORD,EMAILPORT,EMAILPROVIDER,EMAILSECURITY,FEDERALTAXLICENSE,STATETAXLICENSE,BINDTOGLCOMPONENT,BINDTOGLCOMPONENTVALUE,EMAILTLS,EMAILSECURITYTYPE,EMAILAUTHTYPE,EMAILLEGACY
MARINEHULLMATERIAL,MARINEHULLMATERIALID,DESCRIPTION
MARINEHULLTYPE,MARINEHULLTYPEID,DESCRIPTION
MFR,MFRID,NAME,EMAIL,WEBPAGE,PARTLISTDATABASE,PARTLISTTABLE,PARTLISTUSERNAME,PARTLISTPASSWORD,NAMESEARCH,PREFERREDSUPPLIERID
MFRDISCOUNT,MFRID,MFRDISCOUNTCODE,DESCRIPTION,PRODUCTPRICECODE,CATEGORY,CALCULATIONTYPE,CALCULATIONAMOUNT,CALCULATIONBASE,QTYDISCOUNTCODE
MFRXREF,MFRCODE,SYSTEMMFRID,SYSTEM,EZLINKCODE
OHQTEMP,MFRID,PARTNUMBER,LOCATIONID,ORIGQTY,NEWQTY
ORDERFROM,SUPPLIERID,ORDERFROMID,NAME,ADDRESS1,ADDRESS2,CITY,STATE,ZIP,COUNTRY,PHONE,PHONEEXT,ALTPHONE,ALTPHONEEXT,FAX,FAXEXT,EMAIL,SHIPVIA,VATCODE,VATLICENSE,ISPRIMARY
PAYMETHOD,PAYMETHOD,BANKACCOUNTID
PLHISTORY,MFRDEF,NAME,EFFDATE,LASTLOADDATE,LOADCOMPLETE,PARTSLOADED,LASTPARTLOADED,REPLACECATS,REPLACEDESCS,REPLACESTOCKCODES,REPLACERETAIL,UPDATEONECAT,NONEWPARTS,LISTBUMP,DISCOUNT,REPLACEPRODUCTCODES,REPLACECATDEFAULTS,REPLACESUPERSEDES,PRICECODESFRDISCCODE,PRODUCTCATEGORY
PLLIST,SLID,PLNAME,SUBGROUP,EFFDATE,MSG,MFRDEF,INSTALLEDEFFDATE
PLMFRMASTER,MFRDEF,NAME
PLNAMEID,PLID,NAME,MFRDEF,GROUPDESC
PLPURCHASE,SLID,PLNAME,SUBGROUP,EFFDATE,PURCHASEDATE,USERNAME,SIGNATURE
PLSETUP,PLID,MFRCODE,MFRDEF,NAME,READY,LISTBUMP,DISCOUNT,PLTYPE,PRODUCTCATEGORY,DISCOUNTCODE,GROUPDESC,NUMOFPARTS,NUMOFDISKS,NUMPARTSLOADED,STATUS,EFFECTIVEDATE,REPLACECATS,REPLACEDESCS,UPDATEONECAT,REPLACESTOCKCODES,NONEWPARTS,REPLACERETAIL,REPLACEPRODUCTCODES,REPLACECATDEFAULTS,REPLACESUPERSEDES,PRICECODESFRDISCCODE
PORECEIPT,PORECEIPTID,PURCHASEORDERID,LOCATIONID,SUPPLIERID,TERMS,TRANSDATE,REFERENCE,AMOUNT,ENTRYDATE,ORIGINUSERID,ORIGINTASKID,ORIGINTRANSID,ORIGINBATCHID,ORDERFROMID,SHIPVIA,APTRANSID,TRANSTIME,ORIGINCOMPUTERNAME,APSUPPLIERID,GLTRANSID,NOTES
PORECEIPTALLOCATEDETAIL,ITEMID,PORECEIPTID,MFRID,PARTNUMBER,SALESORDERID,CUSTOMERID,CUSTOMERNAME,REFERENCE,ONORDERQUANTITY,ALLOCATEDQUANTITY,FILLEDQUANTITY,SALESORDERITEMID,ARTRANSID,PRODUCTSERIALNUMBER
PORECEIPTDETAIL,ITEMID,PORECEIPTID,PURCHASEORDERDETAILITEMID,DESCRIPTION,VATCODE,ICQUANTITY,ICCOSTAMOUNT,ICQUANTITYBALANCE,ICCOSTBALANCE,MFRID,PARTNUMBER,PRODUCTSERIALNUMBER,JOBID,LABELQUANTITY,ALLOCATEDAPPID,ALLOCATEDITEMID,ICLOCATIONID,APPID,ASSETACCOUNTID,OFFSETACCOUNTID,GLCOSTBALANCE,PURCHASESALESRATIO,PURCHASEUNITOFMEASURE,CATEGORY,PRODUCTTYPE,SUPPLIERMFRID,SUPPLIERPRODUCTID,RECEIVEDQTY,STOCKNUMBER,CORERETURNEDQUANTITY,CORECOST,CORERETURNRECEIPTITEMID,CORERETURNRECEIPTAPPID,CORERETURNISSUEITEMID,CORERETURNISSUEAPPID
PORECOMMEND,PORECOMMENDID,DESCRIPTION,RECOMMENDDATE,RECTYPE,SOINCLUDED,SODATE,SOCUSTOMERID,RECMINIMUM,MINIMUMPCT,RECMAXIMUM,MAXIMUMPCT,HISTSTARTDATE,HISTENDDATE,HISTMINIMUM,HISTLOSTSALES,FILTERSUMMARY,INCOMPLETEINCLUDED
PORECOMMENDDETAIL,ITEMID,PORECOMMENDID,MFRID,PARTNUMBER,RECOMMENDQUANTITY,SUPPLIERID,LOCATIONID,OHAQ,ONORDERQTY,SPECIALORDERQTY,MINIMUMQTY,MAXIMUMQTY,SALESHISTQTY,LOSTSALESQTY,ONSTOCKORDERQTY,UNORDEREDSPECIALORDERQTY
PRDEDUCT,DEDUCTID,DESCRIPTION,LIABILITYACCOUNTID,RECURRING,REDUCETAXABLEPAY,PAYCYCLE1,PAYCYCLE2,PAYCYCLE3,PAYCYCLE4,PAYCYCLE5
PREARN,EARNID,DESCRIPTION,EXPENSEACCOUNTID,RECURRING,TAXABLE,GROSSPAY,PAYCYCLE1,PAYCYCLE2,PAYCYCLE3,PAYCYCLE4,PAYCYCLE5
PRENTRY,ITEMID,EMPLOYEEID,WORKDATE,WORKHOURS,RATECODE,EXPENSEACCOUNTID,SERVICEPRODUCTID,JOBID
PRHOURS,ITEMID,PRTRANSID,WORKDATE,WORKHOURS,RATECODE,PAYRATE,AMOUNT,EXPENSEACCOUNTID,JOBID
PRICECODEPRICELEVEL,PRICINGID,CUSTOMERPRICELEVEL,PRODUCTPRICECODE,STARTDATE,ENDDATE,CALCULATIONBASE,CALCULATIONTYPE,CALCULATIONAMOUNT,PRICERANGECODE,QTYDISCOUNTCODE,INFODATE,ROUNDTO,SUBTRACT
PRIMPORT,PRIMPORTID,EMPLOYEEID,WORKDATE,WORKHOURS,RATECODE,EXPENSEACCOUNTID,ERRORID,SERVICEPRODUCTID,JOBID
PRODUCT,MFRID,PARTNUMBER,DESCRIPTION,LOOKUPPARTNUMBER,CATEGORY,PRODUCTTYPE,STATUS,SUPERCEDETO,PRODUCTCOMMISSIONCODE,VATCODE,SALESTAXCLASS,STOCKCODE,PRICEHOLD,WARRANTYMONTHS,FIELD1,FIELD2,FIELD3,UNITOFMEASURE,PURCHASEUNITOFMEASURE,PACKAGEQUANTITY,PURCHASESALESRATIO,MINIMUMORDERQUANTITY,WEIGHT,UPC,MFRDISCOUNTCODE,PRODUCTPRICECODE,QTYDISCOUNTCODE,ROUNDTO,SUBTRACT,ASSETACCOUNTID,REVENUEACCOUNTID,EXPENSEACCOUNTID,PREFERREDSUPPLIERID,LISTPRICE,MINIMUMPRICE,STANDARDCOST,LIFOFIFOAVERAGECOST,AVERAGECOST,IMAGEID,NOTES,INVALID,CURRENTCOST,SUPERCEDEMFRID,DESCRIPTIONSEARCH,FREIGHTCOST,CORECOST,OTHERCOST,FREIGHTCHARGE,FREIGHTCHARGEPARTNUMBER,FREIGHTCHARGEMFRID,CORECHARGE,CORECHARGEPARTNUMBER,CORECHARGEMFRID,OTHERCHARGE,OTHERCHARGEPARTNUMBER,OTHERCHARGEMFRID,ACCESSORYCHARGEMFRID,ACCESSORYCHARGEPARTNUMBER,DOEXPORTTOSHOPCART,PREVIOUSMFRLISTPRICE,PREVIOUSMFRCOST,SHOPCARTEXPORTED,CORECOST1,CORECHARGE1,HASCORE,STOCKUNITINFOTYPE
PRODUCTCATEGORY,CATEGORY,DESCRIPTION,SUBCATEGORYOF,PRODUCTPRICECODE,QTYDISCOUNTCODE,PRODUCTCOMMISSIONCODE,VATCODE,SALESTAXCLASS,ASSETACCOUNTID,REVENUEACCOUNTID,EXPENSEACCOUNTID,FIELD1,FIELD2,FIELD3,PRODUCTTYPE,FREIGHTCHARGEMFRID,FREIGHTCHARGEPARTNUMBER,CORECHARGEMFRID,CORECHARGEPARTNUMBER,OTHERCHARGEMFRID,OTHERCHARGEPARTNUMBER,ACCESSORYCHARGEMFRID,ACCESSORYCHARGEPARTNUMBER,DOEXPORTTOSHOPCART,DOTRACKLABOR,CODEGROUPID,STOCKUNITINFOTYPE,ISACTIVE
PRODUCTCUSTOMER,PRICINGID,CUSTOMERID,MFRID,PARTNUMBER,STARTDATE,ENDDATE,CALCULATIONBASE,CALCULATIONTYPE,CALCULATIONAMOUNT,PRICERANGECODE,QTYDISCOUNTCODE,CUSTOMERPRODUCTID,INFODATE,ROUNDTO,SUBTRACT
PRODUCTCUSTOMERPRICELEVEL,PRICINGID,CUSTOMERPRICELEVEL,MFRID,PARTNUMBER,STARTDATE,ENDDATE,CALCULATIONBASE,CALCULATIONTYPE,CALCULATIONAMOUNT,PRICERANGECODE,QTYDISCOUNTCODE,INFODATE,ROUNDTO,SUBTRACT
PRODUCTGROUP,PRODUCTGROUPID,DESCRIPTION,ISSERVICE,SALESDISCOUNTCODE,SALESCOMMISSIONCODE,VATCODE,ISSALESTAXTAXABLE,ASSETACCOUNTID,REVENUEACCOUNTID,EXPENSEACCOUNTID
PRODUCTIMAGE,IMAGEID,MFRID,PARTNUMBER,PRODUCTSERIALNUMBER,FILENAME
PRODUCTIMPORT,PARTNUMBER,LOOKUPPART,DESCRIPTION,RETAIL,COST,DISCCODE,WEIGHT,PUM,STOCKCODE,SUPERSEDE
PRODUCTKITITEMS,KITITEMID,MFRID,PARTNUMBER,KITITEMTYPE,KITMFRID,KITPARTNUMBER,KITCODEGROUPID,KITCODETYPE,KITJOBCODE,QUANTITY,AMOUNT,DESCRIPTION,PRICEINCLUDED
PRODUCTLOCATION,MFRID,PARTNUMBER,LOCATIONID,ONHANDAVAILABLEQUANTITY,FROZENDATE,FROZENOHAQ,COMPOSITEKEY
PRODUCTPRICECODE,PRODUCTPRICECODE,DESCRIPTION,MFRID
PRODUCTRELATED,MFRID,PARTNUMBER,RELATEDMFRID,RELATEDPARTNUMBER,QUANTITY,DESCRIPTION
PRODUCTSTATUS,PRODUCTSTATUS,NAME
PRODUCTSTOCK,MFRID,PARTNUMBER,LOCATIONID,ORDERCODE,BINLOCATION,STOCKLEVEL1,STOCKLEVEL2,STOCKLEVEL3,STOCKLEVEL4,COMPOSITEKEY,LASTCOUNTDATE,LASTCOUNTUSERID
PRODUCTSTOCKLEVELSET,RECTYPE,TRANSDATE,LOCATIONID,GREATERTHAN,LESSTHAN,INCLUDELOST,HISTFROM,HISTTO,STOCK1TYPE,STOCK1AMT,STOCK2TYPE,STOCK2AMT,STOCK3TYPE,STOCK3AMT,STOCK4TYPE,STOCK4AMT,INCLUDESTOCK,STOCKBIN
PRODUCTSTOCKLEVELSETDETAIL,MFRID,PARTNUMBER,DESCRIPTION,CATEGORY,LOCATIONID,BINLOCATION,TOTALSALES,NEWSTOCK1,STOCKLEVEL1,NEWSTOCK2,STOCKLEVEL2,NEWSTOCK3,STOCKLEVEL3,NEWSTOCK4,STOCKLEVEL4
PRODUCTSUPPLIER,PRICINGID,SUPPLIERID,MFRID,PARTNUMBER,STARTDATE,ENDDATE,CALCULATIONBASE,CALCULATIONTYPE,CALCULATIONAMOUNT,QTYDISCOUNTCODE,SUPPLIERMFRID,SUPPLIERPRODUCTID,PURCHASEDAYS,UNITOFMEASURE,MINIMUMORDERQUANTITY,INFODATE,PURCHASESALESRATIO
PRODUCTTYPE,PRODUCTTYPE,ITEMPOSITION
PROJECT,PROJECTID,DESCRIPTION
PRSETUP,FICARATE,FICALIMIT,MEDIRATE,MEDILIMIT,FUTARATE,FUTALIMIT,ISAUTOADVANCE,STARTYEAR,STARTQUARTER,NAME,ADDRESS1,ADDRESS2,ADDRESS3,FEDERALID,STATEID
PRTAX1,TAXCODE,DESCRIPTION,ALLOWANCEVALUE
PRTAX1DETAIL,TAXCODE,LIMITAMOUNT,LIMITRATE
PRTAX2,TAXCODE,DEDUCTIONTYPE,DESCRIPTION,EMPLOYEEMAXDEDUCT,EMPLOYEERATE,EMPLOYERMAXDEDUCT,EMPLOYERRATE
PRTRANS,PRTRANSID,EMPLOYEEID,PRTYPE,TRANSDATE,REFERENCE,TAXYEAR,TAXQUARTER,PAYSTATE,DEPARTMENTID,TAXABLEPAY,GROSSPAY,DEDUCTIONS,NETPAY,HOURS1,HOURS2,HOURS3,HOURS4,HOURS5,HOURS6,FITWH,SITWH,LITWH,FICAWH,MEDIWH,SUTAWH,SDIWH,WCWH,FICAEXP,MEDIEXP,FUTAEXP,SUTAEXP,SDIEXP,WCEXP,SITTAXCODE,LITTAXCODE,SUTATAXCODE,SDITAXCODE,WCTAXCODE,EARN1,EARN2,EARN3,EARN4,EARN5,EARN6,EARN7,EARN8,EARN9,EARN10,EARN11,EARN12,EARN13,EARN14,EARN15,EARN16,EARN17,EARN18,EARN19,EARN20,EARN21,EARN22,EARN23,EARN24,EARN25,EARN26,DEDUCT1,DEDUCT2,DEDUCT3,DEDUCT4,DEDUCT5,DEDUCT6,DEDUCT7,DEDUCT8,DEDUCT9,DEDUCT10,DEDUCT11,DEDUCT12,DEDUCT13,DEDUCT14,DEDUCT15,DEDUCT16,DEDUCT17,DEDUCT18,DEDUCT19,DEDUCT20,NETPAYSTRING,NETPAYINWORDS,CHECKID,BANKRECONCILEDDATE,GLTRANSID,REVERSALPRTRANSID,ENTRYDATE,ORIGINUSERID,ORIGINTASKID,ORIGINTRANSID,ORIGINBATCHID,ERRORID,ORIGINCOMPANYID
PRW2,EMPLOYEEID,GROUP1,GROUP2,GROUP3,GROUP4,GROUP5,GROUP6,GROUP7,GROUP8,GROUP9,GROUP10,GROUP11,GROUP12,GROUP13,GROUP14,GROUP15,GROUP16
PURCHASEORDER,PURCHASEORDERID,PURCHASEORDERTYPE,LOCATIONID,SUPPLIERID,ORDERDATE,DELIVERYDATE,TERMS,SHIPVIA,REFERENCE,VATCODE,VATLICENSE,NOTES,ISEXPLODE,EXPLODEDDATE,PRINTEDDATE,ISHOLD,ENTRYDATE,ORIGINUSERID,ORIGINTASKID,ORIGINTRANSID,ORIGINBATCHID,ERRORID,BACKORDERDATE,ORDERFROMID,CUSTOMERID,SHIPTOID,ISDROPSHIP,SALESREP,ORDERFROMMEMO,SHIPTOMEMO,PURCHASEORDERORDERMETHOD,PURCHASEORDERSTATUS,ACTIVEUSERID,APSUPPLIERID,STOCKONLY
PURCHASEORDERDETAIL,ITEMID,PURCHASEORDERID,ONORDERQUANTITY,PRICE,DESCRIPTION,DEBITACCOUNTID,SUPPLIERMFRID,SUPPLIERPRODUCTID,VATCODE,MFRID,PARTNUMBER,JOBID,WEIGHT,ICLOCATIONID,NOTES,BACKORDERQTY,EXPECTEDRECEIVEDDATE,PREVRECEIVEDQTY,RECEIVEDQTY,OFFSETACCOUNTID,LABELQUANTITY,PURCHASEUNITOFMEASURE,PURCHASESALESRATIO,PRODUCTTYPE,CATEGORY,LOCATIONID,CORERETURNEDQUANTITY,CORECOST,CORERETURNRECEIPTITEMID,CORERETURNRECEIPTAPPID,CORERETURNISSUEITEMID,CORERETURNISSUEAPPID,CALCISSUPERSEDE,CALCCUSTOMER,CALCSALESORDERID,CALCBINLOCATION,CALCLISTPRICE,CALCADJUSTNEWLIST,CALCMFRDISCOUNTCODE,CALCHASCORE,CALCHASSPECIALORDER
PURCHASEORDERSERIALNUMBER,ITEMID,SERIALNUMBER,PURCHASEORDERID,PRICE,MODELYEAR,LISTPRICE,ENGINEMFRID,ENGINEMODELNUMBER,ENGINESERIALNUMBER,FIELD1,FIELD2,FIELD3,NOTES,WARRANTYMONTHS,METER,FLOORPLANDUEDATE,FINANCERATE,USED,STOCKNUMBER,DESCRIPTION,CATEGORY,MSRP,FREIGHTCHARGE,PREPCHARGE,MISCCHARGE1,MISCCHARGE2,MISCCHARGE3,MISCCHARGE4,UNITSTATUS,CYLINDERS,HP,BODYTYPE,KEYNUMBER,SERIALNUMBER2,SERIALNUMBER3,ONHOLD,ONHOLDREASON,ONHOLDSALESORDERID,REBATEAMOUNT,REBATEPERCENT,REBATEPERCENTTYPE,HOLDBACKAMOUNT,HOLDBACKPERCENT,HOLDBACKTYPE,REBATE2AMOUNT,REBATE2PERCENT,REBATE2PERCENTTYPE,COLOR,REBATECOSTUNIT,REBATE2COSTUNIT,ITEMINDEX
PURCHASEORDERSPECIALORDERS,PURCHASEORDERITEMID,SALESORDERITEMID,QUANTITY,PRIORITYORDER
PURCHASEORDERSTATUS,PURCHASEORDERSTATUS,NAME
PURCHASEORDERUNITOPTIONS,OPTIONID,ITEMID,SERIALNUMBER,PURCHASEORDERID,OPTIONMFRID,OPTIONPARTNUMBER,DESCRIPTION,QUANTITY,OPTIONPRODUCTSERIAL,LISTPRICE,COST
QTYDISCOUNT,QTYDISCOUNTCODE,DESCRIPTION
QTYDISCOUNTDETAIL,QTYDISCOUNTCODE,QUANTITY,CALCULATIONTYPE,CALCULATIONAMOUNT
RENTALADDONRBXREF,RBAGENCYID,ADDONID,RATEBOOKID
RENTALADDONS,ADDONID,DESCRIPTION,ADDONTYPE,TAXCLASS,MFRID,PARTNUMBER,LOCATIONID,USECLASSUOT,ONHANDTRACK,ONHANDTOTAL
RENTALADDONSSTATUS,ADDONID,STATUSID,WOMFRID,WOPARTNUMBER,SEQNO
RENTALCLASS,RENTALCLASSID,DESCRIPTION,TAXCLASS,CATEGORY,LOCATIONID,MFRID,PARTNUMBER,ALLOWOVERLAP,DEFAULTUOT
RENTALCLASSADDONXREF,CLASSID,ADDONID
RENTALCLASSRBXREF,RBAGENCYID,RENTALCLASSID,RATEBOOKID
RENTALCOMMENT,COMMENTID,CONTRACTID,SELECTED
RENTALCONTRACT,CONTRACTID,CREATEDDATETIME,CREATEDBY,LASTMODIFIEDDATETIME,LASTMODIFIEDBY,FROMDATETIME,TODATETIME,ITEMSTOTAL,EXTRASTOTAL,INSURANCETOTAL,FEESTOTAL,DEPOSITAUTHTOTAL,DEPOSITNONAUTHTOTAL,TOTALATPICKUP,TAXCODE,TOTALTAXAMT,CUSTOMERID,SALESORDERID,EXPIRYDATETIME,LOCATIONID,DOWNPAYMENTFLATAMT,DOWNPAYMENTPERCENT,DOWNPAYMENTAMOUNT,DOWNPAYMENTTYPE,STATUSID,FLAGPICKEDUP,FLAGINVOICED,FLAGDELIVERED,FLAGPREPARED,FLAGRESTORED,WOREQENABLED,FLAGFORPICKUP,FLAGFORDELIVER,DOCSGENERATED,SALESREP,DELIVERDATE,PICKUPDATE,DELIVERDIST,PICKUPDIST,RETURNDATETIME,STOCKNUMBER,RBAGENCYID,FIRSTPMTINVDATE,PMTPLANENABLE,PMTPLANINVCOUNT,PMTPLANPERCOUNT,BILLFROMDATE,BILLTODATE,LASTINVAMT,NEXTINVAMT,ISRENEWABLE,RENEWENABLED,RENEWFIRSTINVDATE,RENEWPERIOD,LASTINVDATE,NEXTINVDATE,RENEWOPENPMTTOT,RENEWOPENSUBTOT,RENEWOPENTAXTOT,LINKEDCONTRACTID,LINKEDCONTRACTCLASSNAME,LINKEDCONTRACTITEMNAME,RENEWOPENPSALSUB,RENEWOPENPSALTAX,DATECOMPLETED,WOREQAVAIL
RENTALCONTRACTDELIVERY,RENTALCONTRACTID,ADDONID,RATEBOOKID,QTY,PERAMT,TAXCLASS,OVRAMT
RENTALCONTRACTDEL_TMP,RENTALCONTRACTID,ADDONID,QTY,PERAMT,TAXCLASS
RENTALCONTRACTDEPOSITS,ID,DEPOSITSID,RATEBOOKID,RENTALCONTRACTITEMID,RENTALCONTRACTID,DEPOSITSAMT,OVRAMT,TAXCLASS
RENTALCONTRACTDISCOUNTS,ID,DISCOUNTSID,RATEBOOKID,RENTALCONTRACTITEMID,RENTALCONTRACTID,DISCOUNTSAMT,OVRAMT,TAXCLASS
RENTALCONTRACTDISCOUNTS_TMP,ID,DISCOUNTSID,RENTALCONTRACTITEMID,RENTALCONTRACTID,DISCOUNTSAMT,TAXCLASS
RENTALCONTRACTEXTRAS,ID,RENTALCONTRACTID,EXTRASID,EXTRASQTY,EXTRASPERAMT,TAXCLASS,RATEBOOKID,RENTALCONTRACTITEMID,EXTRASEXT,OVRAMT,DATECOMPLETED
RENTALCONTRACTEXTRASWOS,EXTRASID,STATUSID,WORKORDERID
RENTALCONTRACTEXTRAS_TMP,ID,RENTALCONTRACTID,EXTRASID,EXTRASWONO,EXTRASQTY,EXTRASPERAMT,TAXCLASS,RENTALCONTRACTITEMID,EXTRASEXT
RENTALCONTRACTFEES,ID,FEESID,RATEBOOKID,RENTALCONTRACTITEMID,RENTALCONTRACTID,FEESAMT,OVRAMT,TAXCLASS
RENTALCONTRACTFEES_TMP,ID,FEESID,RENTALCONTRACTITEMID,RENTALCONTRACTID,FEESAMT,TAXCLASS
RENTALCONTRACTINSURANCE,ID,INSURANCEID,RATEBOOKID,RENTALCONTRACTITEMID,RENTALCONTRACTID,INSURANCEAMT,TAXCLASS,OVRAMT
RENTALCONTRACTINSURANCE_TMP,ID,INSURANCEID,RENTALCONTRACTITEMID,RENTALCONTRACTID,INSURANCEAMT,TAXCLASS
RENTALCONTRACTITEMS,ID,RENTALCONTRACTID,ITEMID,ITEMAMT,ITEMRESERVATIONID,RENTALQUOTERATEBOOKID,TAXCLASS,RATECALCTYPE,LENGTH,BEAM,DEPTH,HEIGHT,WIDTH,ESTUSAGE,RATEBOOKID,RENTALCLASSID,ITEMOVERAGEAMT,ACTUSAGE,USAGESTART,USAGEEND,OVRAMTP,OVRAMTF,OVRAMTA,OVRAMTS,OVRAMTQ,OVRAMTM,OVRAMTW,OVRAMTD,OVRAMTH,OVRALLOWAMT,OVROVERAMT,DATECOMPLETED
RENTALCONTRACTITEMS_TMP,ID,RENTALCONTRACTID,ITEMID,ITEMAMT,ITEMRESERVATIONID,TAXCLASS,RENTALCLASSID,ITEMOVERAGEAMT,ACTUSAGE
RENTALCONTRACTPICKUP,RENTALCONTRACTID,ADDONID,RATEBOOKID,QTY,PERAMT,TAXCLASS,OVRAMT
RENTALCONTRACTPUP_TMP,RENTALCONTRACTID,ADDONID,QTY,PERAMT,TAXCLASS
RENTALCONTRACTSTATUS,STATUSID,STATUSDESC
RENTALCONTRACT_TMP,CONTRACTID,CREATEDDATETIME,CREATEDBY,LASTMODIFIEDDATETIME,LASTMODIFIEDBY,FROMDATETIME,TODATETIME,STATUSID,ITEMSTOTAL,EXTRASTOTAL,INSURANCETOTAL,FEESTOTAL,DEPOSITAUTHTOTAL,DEPOSITNONAUTHTOTAL,TOTALATPICKUP,TAXCODE,CUSTOMERID,SALESORDERID,LOCATIONID
RENTALINVENTORY,RENTALITEMID,RENTALCATEGORYID,RENTALCLASSID,STATUSID,TAXCLASS,LOCATIONID,ITEMCONTRACTID,UOMREADING,FROMDATETIME,TODATETIME
RENTALITEMCUSTFIELDS,CUSTFIELDID,CATEGORYID,DESCRIPTION,LOCATIONID
RENTALITEMCUSTFIELDVAL,CUSTFIELDID,RENTALITEMID,FIELDVALUE
RENTALMANAGERVIEW,USERID,LOCATIONID,VIEWXML
RENTALMANAGERVIEWS,VIEWID,USERID,LOCATIONID,MANAGERID,VIEWNAME,VIEWTYPE,ISDASHBOARD,INITIALVIEW,VIEWXML
RENTALMAPGROUP,GROUPID,LOCATIONID,CATEGORY,DESCRIPTION,PADDING,PADDINGUOM,LASTMODIFIEDDATE,LASTMODIFIEDBY,GROUPDATA
RENTALPARTREQ,CONTRACTID,SEQNO,MFRID,PARTNUMBER,REQUESTED,ALLOCATED,DATECOMPLETED
RENTALPAYMENT,ID,CONTRACTID,PMTDATE,PMTTYPE,PMTITEM,AMOUNT,AUTHRELDATE
RENTALPAYMENTITEM,PMTITEM,DESCR
RENTALPAYMENTPLAN,CONTRACTID,SEQNO,PLANDATE,TAXAMT,INVOICEID,SUBTOTAL
RENTALPAYMENTTYPE,PMTTYPE,DESCR
RENTALRATEBOOK,RATEBOOKID,SEQNO,DESCRIPTION,FROMDATETIME,TODATETIME
RENTALRATEBOOKDETAIL,FROMDATETIME,TODATETIME,FROMTIME,TOTIME,UOT,BASEAMT,ALLOWANCE,OVERAGEAMT,DAYOFWEEK,ISRENEWABLE,HOURSOFDAY,MONTHOFYEAR,DAYOFYEAR,UOM,BASEPCT,RATEBOOKID,RATEBOOKSEQNO,DETAILSEQNO
RENTALRATEBOOKMSTR,RATEBOOKID,RBAGENCYID
RENTALRBAGENCY,RBAGENCYID,LOCATIONID,DESCRIPTION,ISDEFAULT
RENTALRENEWINVOICE,CONTRACTID,INVDATE,INVFROMDATE,INVTODATE,BALANCE,SUBTOTAL,TAXAMT,INVOICEID
RENTALRESERVATION,RESERVATIONID,RENTALCONTRACTNO,RENTALCLASSID,RENTALITEMID,FROMDATETIME,TODATETIME,LOCATIONID
RENTALSHIPTO,CONTRACTID,CONTRACTITEM,FORPICKUP,SHIPTOID,NAME,ADDRESS1,ADDRESS2,CITY,STATE,ZIP,COUNTRY,PHONE,PHONEEXT,SALESTAXCODE
RENTALSLIP,RENTALSLIPNO,SLIPNAME,LENGTH,WIDTH,HEIGHT,DEPTH,LOCATIONID,UOM,MAPGROUPID
RENTALSTORAGE,RENTALSTORAGENO,STORAGENAME,LOCATIONID,UOM,LENGTH,WIDTH,HEIGHT,MAPGROUPID
RENTALSTRINGOVERRIDE,LOCATIONID,STRINGID,STRINGVALUE
RENTALTAXTRANS,ITEMID,CONTRACTID,SALESTAXAGENCY,SALESTAXCLASS,TAXABLESALES,TAXABLESALESBYLINE,EXEMPTSALES,TAXBYLINE,SALESBYLINEABOVE
RENTALTAXTRANS_TMP,ITEMID,CONTRACTID,SALESTAXAGENCY,SALESTAXCLASS,TAXABLESALES,TAXABLESALESBYLINE,EXEMPTSALES,TAXBYLINE,SALESBYLINEABOVE
RENTALTYPECLASS,CLASSID,DESCRIPTION,TYPEID
RENTALUSERPREFS,USERID,LOCATIONID,AVAILABILITYVIEW
REPORTBATCH,BATCHITEMID,GROUPID,NAME,DESCRIPTION,RPTGROUPID,RPTNAME,RPTDESCRIPTION,PRINTREPORT
REPORTGROUPS,GROUPID,NAME,DESCRIPTION,SHAREDGROUPID
REPORTS,NAME,TEMPLATE,GROUPID,DESCRIPTION
REPORTSELECTIONS,NAME,GROUPID,FIELDNAME,FIELDTYPE,DATA,DESCRIPTION,BATCHNAME,BATCHDESC
SALESCOMMISSION,SALESREPCOMMISSIONCODE,PRODUCTCOMMISSIONCODE,COMMISSIONRATE,COMMISSIONBASE
SALESDEAL,SALESDEALID,COCUSTOMERID,FINANCECOMPANYID,DELIVERYDATE,FIRSTPAYMENTDATE,PAYMENT,CREDITLIFEAMOUNT,CREDITLIFEAPPID,CREDITLIFETRANSID,CREDITLIFESALESREP,CREDITLIFETAXCLASS,CREDITLIFEISSELECTED,ACCIDENTHEALTHAMOUNT,ACCIDENTHEALTHAPPID,ACCIDENTHEALTHTRANSID,ACCIDENTHEALTHSALESREP,ACCIDENTHEALTHTAXCLASS,ACCIDENTHEALTHISSELECTED,FINANCEKICKBACK,FINANCEAPPID,FINANCETRANSID,FINANCESALESREP,DEALSTATUS,DEALTYPEID,FINANCERATE,FINANCETERM,DOWNPAYMENT,DISCOUNT,PAYMENTSPERYEAR,DEALDATE,NOTES,FINANCETOTAL,ISFINANCED,DOWNPAYMENTARTRANSID,LOANINS1AMOUNT,LOANINS1APPID,LOANINS1TRANSID,LOANINS1SALESREP,LOANINS1TAXCLASS,LOANINS1ISSELECTED,LOANINS2AMOUNT,LOANINS2APPID,LOANINS2TRANSID,LOANINS2SALESREP,LOANINS2TAXCLASS,LOANINS2ISSELECTED,FISALESREP,SALESREP,COSTOFLOAN,RESERVE,BUYRATE,FLATFEE,BUYERNAME,BUYERFIRSTNAME,BUYERLASTNAME,BUYERMIDDLENAME,BUYERADDRESS1,BUYERCITY,BUYERSTATE,BUYERZIP,BUYERPHONE,BUYERPHONEEXT,BUYERALTPHONE,BUYERALTPHONEEXT,BUYEREMAIL,BUYERISORGANIZATION,BUYERDRIVERSLICENSENUMBER,BUYERDATEOFBIRTH,BUYERCOUNTY,BUYERSSN,COBUYERNAME,COBUYERFIRSTNAME,COBUYERLASTNAME,COBUYERMIDDLENAME,COBUYERADDRESS1,COBUYERCITY,COBUYERSTATE,COBUYERZIP,COBUYERPHONE,COBUYERPHONEEXT,COBUYEREMAIL,COBUYERISORGANIZATION,COBUYERDRIVERSLICENSENUMBER,COBUYERDATEOFBIRTH,COBUYERCOUNTY,COBUYERSSN,INTERESTCALC
SALESDEALOPTIONS,CREDITLIFECHARGE,CREDITLIFECOST,CREDITLIFEMFRID,CREDITLIFEPARTNUMBER,CREDITLIFEAPPID,CREDITLIFEENTITYID,ACCHEALTHCHARGE,ACCHEALTHCOST,ACCHEALTHMFRID,ACCHEALTHPARTNUMBER,ACCHEALTHAPPID,ACCHEALTHENTITYID,LOANINS1CHARGE,LOANINS1COST,LOANINS1MFRID,LOANINS1PARTNUMBER,LOANINS1APPID,LOANINS1ENTITYID,LOANINS1TITLE,LOANINS2CHARGE,LOANINS2COST,LOANINS2MFRID,LOANINS2PARTNUMBER,LOANINS2APPID,LOANINS2ENTITYID,LOANINS2TITLE,PAYOFFGLACCOUNTID,DOWNPAYMENTACCOUNTID,CREDITLIFECHARGEPERCENT,CREDITLIFECOSTPERCENT,ACCHEALTHCHARGEPERCENT,ACCHEALTHCOSTPERCENT,LOANINS1CHARGEPERCENT,LOANINS1COSTPERCENT,LOANINS2CHARGEPERCENT,LOANINS2COSTPERCENT,RESERVEGLACCOUNTID
SALESDEALTRADE,TRADEID,UNITSOLDID,TRADESTOCKNUMBER,TRADEALLOWANCE,TRADECOST,LIENHOLDERFINANCECOMPANYID,PAYOFFAMOUNT,PAYOFFAPPID,PAYOFFTRANSID,LIENHOLDER2FINANCECOMPANYID,PAYOFF2AMOUNT,PAYOFF2APPID,PAYOFF2TRANSID,SALESREP,TAXCLASS,TAXGROUP,ISVTAXABLE,NOTES,PAYOFFDUEDATE,PAYOFFACCOUNTNUMBER,PAYOFF2DUEDATE,PAYOFF2ACCOUNTNUMBER
SALESDEALUNITSOLD,UNITSOLDID,SALESDEALID,STOCKNUMBER,METER,SELLINGPRICE,FREIGHTCHARGE,FREIGHTSALESREP,FREIGHTTAXCLASS,PREPCHARGE,PREPSALESREP,PREPTAXCLASS,ACCESSORIESALESREP,ACCESSORIESTAXCLASS,MISC1CHARGE,MISC1APPID,MISC1TRANSID,MISC1ENTITYID,MISC2CHARGE,MISC2APPID,MISC2TRANSID,MISC2ENTITYID,MISC3CHARGE,MISC3APPID,MISC3TRANSID,MISC3ENTITYID,MISC4CHARGE,MISC4APPID,MISC4TRANSID,MISC4ENTITYID,LICENSEFEE,DEALLICENSEFEEAPPID,LICENSEFEETRANSID,DEALLICENSEFEEENTITYID,DOCFEE,DOCFEESALESREP,DOCFEETAXCLASS,REBATEISREVENUE,REBATEAMOUNT,REBATEAPPID,REBATETRANSID,REBATEENTITYID,REBATESALESREP,REBATETAXCLASS,HOLDBACKSALESREP,HOLDBACKAPPID,HOLDBACKTRANSID,HOLDBACKENTITYID,SALESREP,TAXCLASS,TAXGROUP,USETAXAMOUNT,DEALVEHICLETAXAPPID,USETAXTRANSID,DEALVEHICLETAXENTITYID,REBATE2ISREVENUE,REBATE2AMOUNT,REBATE2APPID,REBATE2TRANSID,REBATE2ENTITYID,REBATE2TAXCLASS,REBATE2SALESREP,LIENFEE,DEALLIENFEEAPPID,LIENFEETRANSID,DEALLIENFEEENTITYID,FREIGHTISVTAXABLE,REBATEISVTAXABLE,REBATE2ISVTAXABLE,TRADEINISVTAXABLE,OVERRIDEVEHICLETAX,TAXAGENCY,SALESORDERITEMID,MENUID,REBATE1TITLE,REBATE2TITLE,TOTALTAXABLEAMOUNT,VEHICLETAXRATE1,VEHICLETAXRATE2,VEHICLETAXLIMIT,USEFLATTAX,TAXCODE
SALESDEALUNITSOLDDETAIL,ITEMID,FIITEMID,UNITSOLDID,CHARGE,SALESREP,TAXCLASS,TRANSID,APPID,SELECTEDOPTION
SALESDEALUNITSOLDTAXDETAIL,UNITSOLDID,TAXAGENCY,VEHICLETAXRATE1,VEHICLETAXRATE2,VEHICLETAXLIMIT,AGENCYTAXAMOUNT
SALESDISCOUNT,CUSTOMERDISCOUNTCODE,PRODUCTDISCOUNTCODE,DISCOUNTRATE
SALESINVOICE,ARTRANSID,SALESORDERID,WARRANTYCLAIMID,LOCATIONID,DEPARTMENTID,DIVISIONID,FUNDID,CUSTOMERID,CUSTOMERNAME,BILLTOCUSTOMERID,CUSTOMERPRICELEVEL,SHIPTOID,ORDERDATE,SHIPDATE,TERMS,SALESREP,SHIPVIA,REFERENCE,VATCODE,VATLICENSE,SALESTAXCODE,SALESTAXLICENSE,NOTES,NETAMOUNT,SALESTAXAMOUNT,VATTAXAMOUNT,PAYMENTAMOUNT,CHANGEAMOUNT,ARTYPE,TRANSDATE,TRANSTIME,ARAMOUNT,ENTRYDATE,ORIGINUSERID,ORIGINTASKID,ORIGINTRANSID,BILLTOMEMO,SHIPTOMEMO,SHIPTOCUSTOMERID,ISINVOICETAXABLE,JOBID,ORIGINCOMPUTERNAME,GLTRANSID,NAMESEARCH,SOORIGINTASKID,OTHERFEESTAXES,MAINSALESREP,CUSTSALESREP
SALESINVOICECOMMISSIONDETAIL,ARTRANSID,SALESREP,COMMISSIONRATE,COMMISSIONAMOUNT,EXPENSEACCOUNTID,JOBID,PRTRANSID
SALESINVOICEDETAIL,ITEMID,ARTRANSID,MFRID,PARTNUMBER,PRODUCTSERIALNUMBER,ALLOCATEDAPPID,ALLOCATEDITEMID,DESCRIPTION,ONORDERQUANTITY,SHIPPEDQUANTITY,BACKORDERQUANTITY,PRICE,NET,NETAMOUNT,VATCODE,VATTAXAMOUNT,SALESTAXCLASS,COMMISSIONRATE,COMMISSIONAMOUNT,SALESREP,CATEGORY,REVENUEACCOUNTID,ASSETACCOUNTID,OFFSETACCOUNTID,CUSTOMERPRODUCTID,ICQUANTITY,ICCOSTAMOUNT,ICQUANTITYBALANCE,ICCOSTBALANCE,ICLOCATIONID,APPID,GLCOSTBALANCE,PRODUCTTYPE,ORIGMFRID,ORIGPARTNUMBER,SETITEMID,HOURSBILLED,STOCKNUMBER,STOCKUNITLISTPRICE,ITEMIZE,CORERETURNEDQUANTITY,CORECHARGE,CORERETURNRECEIPTITEMID,CORERETURNRECEIPTAPPID,CORERETURNISSUEITEMID,CORERETURNISSUEAPPID,FIITEM,WORKORDERJOBID
SALESINVOICETAXDETAIL,ARTRANSID,SALESTAXAGENCY,SALESTAXCLASS,TAXEXEMPT,SALES,TAXBYLINE,SALESTAXCODE,TAXEACHLINE,TAXRATE1,RATELIMIT,TAXRATE2,LIABILITYACCOUNTID,SALESABOVE,ISFLORIDATAX
SALESINVOICETYPE,SALESINVOICETYPE
SALESLOST,SALESLOSTID,SALESORDERID,CUSTOMERID,ORIGINUSERID,MFRID,PARTNUMBER,DESCRIPTION,QUANTITY,PRICE,NET,SALESREP,CATEGORY,ORDERDATE,LOCATIONID,COMPOSITEKEY
SALESORDER,SALESORDERID,SALESORDERTYPE,JOBID,LOCATIONID,DEPARTMENTID,DIVISIONID,FUNDID,CUSTOMERID,CUSTOMERNAME,BILLTOCUSTOMERID,SHIPTOID,ISHOLD,HOLDREASON,ISCREDITSTATUSOK,ORDERACTION,ORDERDATE,SHIPDATE,TERMS,SALESREP,CUSTOMERPRICELEVEL,SHIPVIA,REFERENCE,VATCODE,VATLICENSE,SALESTAXCODE,SALESTAXLICENSE,NOTES,ENTRYDATE,ORIGINUSERID,ORIGINTASKID,ORIGINTRANSID,RECALCTOTALS,ALLOCATEDSUBTOTAL,ORDEREDSUBTOTAL,ALLOCATEDVATTOTAL,ORDEREDVATTOTAL,ACTIVEDETAILCOUNT,DETAILCOUNT,BILLTOMEMO,SHIPTOMEMO,SHIPTOCUSTOMERID,ACTIVEUSERID,ISINVOICETAXABLE,ACTIVECOMPUTERNAME,ORDERTIME,CODEGROUPID,SUPPLIERSHIPVIA,DOAPPLYWOPARTSBUMP,ORDERACTIONDATE,SHIPTOITEMID,MAINSALESREP
SALESORDERCANCEL,SALESORDERID,ORDERDATE,CANCELDATE,CUSTOMERID,SALESREP,LOCATIONID,SALESORDERTYPE,REFERENCE,ORIGINUSERID,ACTIVEUSERID,ORIGINCOMPUTERNAME
SALESORDERDETAIL,ITEMID,SALESORDERID,MFRID,PARTNUMBER,DESCRIPTION,PRODUCTTYPE,ONORDERQUANTITY,ALLOCATEDQUANTITY,PRICE,NET,VATCODE,SALESTAXCLASS,SALESREP,CATEGORY,WARRANTYCLAIMID,ASSETACCOUNTID,REVENUEACCOUNTID,OFFSETACCOUNTID,CUSTOMERPRODUCTID,ICLOCATIONID,COST,RETURNSERIALNUMBER,ITEMPOSITION,ALLOWMINUSOHAQ,DEPARTMENTID,DIVISIONID,FUNDID,WEIGHT,ORIGMFRID,ORIGPARTNUMBER,SETITEMID,ITEMIZE,STOCKUNITLISTPRICE,APPID,CORERETURNEDQUANTITY,COREITEMID,CORERETURNRECEIPTITEMID,CORERETURNRECEIPTAPPID,CORERETURNISSUEITEMID,CORERETURNISSUEAPPID,WORKORDERJOBID
SALESORDERDETAILIMPORT,SALESORDERIMPORTID,ITEMID,MFRID,PARTNUMBER,DESCRIPTION,ONORDERQUANTITY,ALLOCATEDQUANTITY,PRICE,NET,SALESTAXCLASS,SALESREP,CATEGORY,CUSTOMERPRODUCTID,ERRORID,COST
SALESORDERDETAILRENTALTEMP,ITEMID,ARTRANSID,REVENUEACCOUNTID,NET,AMOUNTLEFT
SALESORDERIMPORT,SALESORDERIMPORTID,SALESORDERTYPE,LOCATIONID,DEPARTMENTID,CUSTOMERID,CUSTOMERNAME,BILLTOCUSTOMERID,ORDERACTION,ORDERDATE,SHIPDATE,TERMS,SALESREP,CUSTOMERPRICELEVEL,SHIPVIA,REFERENCE,SALESTAXCODE,NOTES,ENTRYDATE,ORIGINUSERID,ORIGINTASKID,ORIGINTRANSID,BILLTOMEMO,BILLNAME,BILLAD1,BILLAD2,BILLCITY,BILLST,BILLZIP,SHIPTOMEMO,SHIPNAME,SHIPAD1,SHIPAD2,SHIPCITY,SHIPST,SHIPZIP,SHIPTOCUSTOMERID,CCNUMBER,ERRORID,CCEXPMONTH,CCEXPYEAR,EMAILADDRESS,FIRSTNAME,LASTNAME,PHONE,PHONEEXT,ALTPHONE,ALTPHONEEXT,FAX,FAXEXT,PAYMENTAMOUNT,PAYMENTARTYPE,CUSTOMERTYPE,BILLCOUNTRY,SHIPCOUNTRY,CCAUTHCODE,CCCVV,CUSTFIELD1,CUSTFIELD2,CUSTFIELD3,CASHPAYMENTAMOUNT,CASHPAYMENTARTYPE,CHECKPAYMENTAMOUNT,CHECKPAYMENTARTYPE,CCTOKEN,PREAUTHAMOUNT,SOURCEORDERNUMBER,BATCHID
SALESORDERSERIALNUMBER,ITEMID,SERIALNUMBER,SALESORDERID,COST,MODELYEAR,LISTPRICE,ENGINEMFRID,ENGINEMODELNUMBER,ENGINESERIALNUMBER,FIELD1,FIELD2,FIELD3,NOTES,WARRANTYMONTHS,METER,FLOORPLANDUEDATE,FINANCERATE,USED,STOCKNUMBER,DESCRIPTION,CATEGORY,MSRP,FREIGHTCHARGE,PREPCHARGE,MISCCHARGE1,MISCCHARGE2,MISCCHARGE3,MISCCHARGE4,UNITSTATUS,CYLINDERS,HP,BODYTYPE,KEYNUMBER,SERIALNUMBER2,SERIALNUMBER3,ONHOLD,ONHOLDREASON,ONHOLDSALESORDERID,REBATEAMOUNT,REBATEPERCENT,REBATEPERCENTTYPE,HOLDBACKAMOUNT,HOLDBACKPERCENT,HOLDBACKTYPE,REBATE2AMOUNT,REBATE2PERCENT,REBATE2PERCENTTYPE,COLOR,REBATECOSTUNIT,REBATE2COSTUNIT
SALESORDERSTATUS,ORDERACTION,ITEMPOSITION,DISPLAYTITLE,ISCOMPLETESTATUS,ISSALESORDERSTATUS,ISWORKORDERSTATUS,ISSALESDEALSTATUS,STATUSCOLOR,ORIGDISPLAYTITLE
SALESORDERTAXTRANS,ITEMID,SALESORDERID,SALESTAXAGENCY,SALESTAXCLASS,TAXABLESALES,TAXABLESALESBYLINE,EXEMPTSALES,TAXBYLINE,ORDEREDTAXABLESALES,ORDEREDTAXABLESALESBYLINE,ORDEREDEXEMPTSALES,ORDEREDTAXBYLINE,WARRANTYCLAIMID,SALESBYLINEABOVE,ORDEREDSALESBYLINEABOVE
SALESORDERTYPE,SALESORDERTYPE
SALESPAYMENT,PAYMENTID,SALESORDERID,ARTRANSID,PAYMENTARTRANSID,ISDEPOSIT,PAYMENTARTYPE,AMOUNT,REFERENCE,CCNUMBER,CCEXPMONTH,CCEXPYEAR,CCRESPCODE,CCAUTH,STARTEDASDEPOSIT,CCCLERK,CCCOMMENT,CCTOTAL,CCBILLTOST,CCBILLTOZIP,CCANS,CCSIGNATUREDATA,CCRESULTS
SALESRECUR,SALESRECURID,JOBID,LOCATIONID,DEPARTMENTID,CUSTOMERID,SHIPTOID,CYCLEID,ISTEMPLATE,TERMS,STARTDATE,STOPDATE,LASTPROCESSDATE,VATCODE,VATLICENSE,SALESTAXCODE,SALESTAXLICENSE,REFERENCE,SHIPVIA,SALESREP,NOTES,ERRORID
SALESRECURDETAIL,ITEMID,SALESRECURID,MFRID,PARTNUMBER,DESCRIPTION,QUANTITY,PRICE,NET,VATCODE,SALESTAXCLASS,SALESREP,CATEGORY,ASSETACCOUNTID,REVENUEACCOUNTID,EXPENSEACCOUNTID,CUSTOMERPRODUCTID,ICLOCATIONID,ERRORID
SALESREP,SALESREP,NAME,SALESCOMMISSIONCODE,COMMISSIONEXPACCOUNTID,TIMECLOCKPASSWORD,DEFAULTLABORCATEGORY,DEFAULTWOLABORCATEGORY,DEFAULTRATECODE,DEFAULTWORATECODE,DOALLOWCHANGINGTIME,ISMASTERPASSWORD,DEFAULTSTAYCLOCKEDIN,STATUS,CALENDARTAB,CALENDAROVERVIEW,DMVREGNUM,RESOURCEID,EMPLOYEETYPE,DISPLAYPOSITION
SALESREPPAYRATES,SALESREP,RATECODE,RATE
SALESTAXAGENCY,SALESTAXAGENCY,DESCRIPTION,TAXRATELOW,TAXRATELIMIT,TAXRATEHIGH,TAXEACHLINE,LIABILITYACCOUNTID,ISFLORIDATAX
SALESTAXCLASS,SALESTAXCLASS
SALESTAXCODE,SALESTAXCODE,DESCRIPTION
SALESTAXCODEDETAIL,SALESTAXCODE,SALESTAXAGENCY
SERIAL,SERIALKEY,SERIALVALUE
SHIPPING,SHIPPINGID,SALESORDERID,ARTRANSID,SHIPDATE,TRACKINGNUMBER,COST,SHIPMETHOD,EMPLOYEE,FIELD1,FIELD2,FIELD3
SHIPTO,CUSTOMERID,SHIPTOID,NAME,ADDRESS1,ADDRESS2,CITY,STATE,ZIP,COUNTRY,PHONE,PHONEEXT,ALTPHONE,ALTPHONEEXT,FAX,FAXEXT,EMAIL,SALESREP,SHIPVIA,SALESTAXCODE,SALESTAXLICENSE,VATCODE,VATLICENSE,ISPRIMARY,ITEMID
SHIPVIA,SHIPVIA
SIGNATURE,SIGNATUREID,KEYFIELD,KEYID,CREATEDATETIME,SIGNATURETYPE,SIGNATUREIMAGE
SMSCARRIER,CARRIERID,CARRIERDESCRIPTION,CARRIERGATEWAY
SMSQUEUE,SMSQUEUEID,ORDERTYPE,ORDERID,CUSTOMERID,SUCCESSFUL,DATEQUEUED,DATESENT,NOTES,TEXTTO,TEXTSUBJECT,TEXTBODY
STATE,STATE,NAME,COUNTRY
STOCKUNIT,STOCKNUMBER,MFRID,PARTNUMBER,PRODUCTSERIALNUMBER,MODELYEAR,LISTPRICE,WARRANTYMONTHS,ENGINEMFRID,FIELD1,FIELD2,FIELD3,ENGINEMODELNUMBER,ENGINESERIALNUMBER,CUSTOMERID,SALESDATE,ORIGINALSOLDBY,METER,NOTES,APTRANSID,FLOORPLANDUEDATE,SUPPLIERID,SUPPLIERINVOICEID,PAYMENTDATE,PAYMENTCHECKID,RECEIPTDATE,CUSTOMERINVOICEID,LOCATIONID,FINANCERATE,WARRANTYEXPDATE,USED,DESCRIPTION,CATEGORY,MSRP,FREIGHTCHARGE,PREPCHARGE,MISCCHARGE1,MISCCHARGE2,MISCCHARGE3,MISCCHARGE4,UNITSTATUS,CYLINDERS,HP,BODYTYPE,KEYNUMBER,SERIALNUMBER2,SERIALNUMBER3,ONHOLD,ONHOLDREASON,ONHOLDSALESORDERID,REBATEAMOUNT,REBATEPERCENT,REBATEPERCENTTYPE,HOLDBACKAMOUNT,HOLDBACKPERCENT,HOLDBACKTYPE,REBATE2AMOUNT,REBATE2PERCENT,REBATE2PERCENTTYPE,COLOR,REBATECOSTUNIT,REBATE2COSTUNIT,WARRANTYHOURS,WARRANTYMETER,CONDITION,STOCKUNITINFOTYPE,STOCKUNITINFOID,FUELCAPACITY,WARRANTYSTARTDATE,DECKSIZE,ENGINETYPE,ISREGISTERED,FINANCECOMPANYLOANID,FINANCECOMPANYMFRID,FINANCECOMPANYPRODUCTID
STOCKUNITATTACHMENTS,ATTACHMENTID,STOCKNUMBER,DETAILSTOCKNUMBER
STOCKUNITCATEGORY,UNITCATEGORYID,MFRID,CATEGORY,USED,FREIGHTMFRID,FREIGHTPARTNUMBER,PREPMFRID,PREPPARTNUMBER,PARTSACCESSMFRID,PARTSACCESSPARTNUMBER,MISC1CHARGE,MISC1APPID,MISC1ENTITYID,MISC1TITLE,MISC2CHARGE,MISC2APPID,MISC2ENTITYID,MISC2TITLE,MISC3CHARGE,MISC3APPID,MISC3ENTITYID,MISC3TITLE,MISC4CHARGE,MISC4APPID,MISC4ENTITYID,MISC4TITLE,DOCFEE,DOCFEEMFRID,DOCFEEPARTNUMBER,LICENSEFEE,LICENSEFEEAPPID,LICENSEFEEENTITYID,USETAXAPPID,USETAXENTITYID,REBATECHARGE,REBATEISREVENUE,REBATECOST,REBATEMFRID,REBATEPARTNUMBER,REBATEAPPID,REBATEENTITYID,HOLDBACKCOST,HOLDBACKAPPID,HOLDBACKENTITYID,DEFAULTFINANCECOMPANYID,DESCRIPTION,USETAXFLATRATE,REBATE2CHARGE,REBATE2ISREVENUE,REBATE2COST,REBATE2MFRID,REBATE2PARTNUMBER,REBATE2APPID,REBATE2ENTITYID,LIENFEE,LIENAPPID,LIENENTITYID,FREIGHTISVTAXABLE,REBATEISVTAXABLE,REBATE2ISVTAXABLE,TRADEINISVTAXABLE,USETAXAGENCY,MISC1ACCOUNTID,MISC2ACCOUNTID,MISC3ACCOUNTID,MISC4ACCOUNTID,LICENSEFEEACCOUNTID,USETAXACCOUNTID,REBATEACCOUNTID,HOLDBACKACCOUNTID,REBATE2ACCOUNTID,LIENFEEACCOUNTID,PAYOFFACCOUNTID,FORMSET,MENUID,ALLOWONDEAL,REBATE1TITLE,REBATE2TITLE,USETAXCODE
STOCKUNITCOSTTYPE,ITEMIZE
STOCKUNITDOCLINK,STOCKUNITDOCLINKID,STOCKNUMBER,FILENAME,DOCUMENTID,DOCUMENTLINK
STOCKUNITINFOENGINE,STOCKUNITINFOID,ENGINECODE,ENGINEDISPLACEMENT,FUELTYPE,TRANSMISSION,HOURS
STOCKUNITINFOTRAILER,STOCKUNITINFOID,AXLECOUNT,TRAILERSIZE,TIRESIZE,LOADCAPACITY,COUPLERSIZE
STOCKUNITINFOVESSEL,STOCKUNITINFOID,COASTGUARDNUMBER,LOA,WIDTH,DRAFT,VESSELNAME,MARINEHULLMATERIALID,MARINEHULLTYPEID,CABINKEY,HOURS,SLIPNUMBER
STOCKUNITINFOVESSELENGINE,STOCKUNITINFOID,ENGINECODE,ENGINEDISPLACEMENT,TRANSMISSION,FUELTYPE,HOURS,IGNITIONKEYNUM,OUTDRIVEMFRID,OUTDRIVEMODELNUMBER,PROPELLORBLADECOUNT,PROPELLORDIAMETER,PROPELLORMFRID,PROPELLORMODELNUMBER,PROPELLORPITCH,PROPELLORSHAFTDIAMETER,TRANSOMDEPTH
STOCKUNITOPTIONS,OPTIONID,STOCKNUMBER,OPTIONMFRID,OPTIONPARTNUMBER,OPTIONPRODUCTSERIAL,DESCRIPTION,QUANTITY,LISTPRICE,COST
STOCKUNITPARTSREQUESTS,UNITREQUESTID,STOCKNUMBER,ITEMIZE,LISTPRICE,MFRID,DESCRIPTION,PARTNUMBER,QUANTITY,KITREQUESTID,UNITSOLDID
STOCKUNITSERVICEREQUESTS,UNITREQUESTID,STOCKNUMBER,ITEMIZE,LISTPRICE,CODEGROUPID,CODETYPE,JOBCODE,HOURS,AMOUNT,KITREQUESTID,UNITSOLDID,DESCRIPTION
STOCKUNITSTATUS,UNITSTATUS
STOCKUNITTYPE,UNITTYPE,NAME,ISACTIVE
SUPPLIER,SUPPLIERID,NAME,FIRSTNAME,LASTNAME,ADDRESS1,ADDRESS2,CITY,STATE,ZIP,COUNTRY,PHONE,PHONEEXT,ALTPHONE,ALTPHONEEXT,FAX,FAXEXT,EMAIL,SUPPLIERTYPE,APSUBLEDGERACCOUNTID,BANKACCOUNTID,APCONTACT,PURCHASINGCONTACT,TERMS,CREDITLIMIT,SHIPVIA,VATCODE,VATLICENSE,ISPRINT1099,THEIRCUSTOMERID,MINIMUMORDERAMOUNT,NOTES,WEBPAGE,FIELD1,FIELD2,FIELD3,ENTRYDATE,NAMESEARCH,CITYSEARCH,PURCHASEDAYS,PAYMENTAPTYPE,APSETPAYMENTDATEREGULAR,APSETPAYMENTDATEFLOORPLAN,APSETPAYMENTDATEDAYS,APSETPAYMENTDATETYPE,APSETPAYMENTDATECREDIT,SALESTAXLICENSE,DEFAULTPAYTO,ISACTIVE,QBLISTID,QBNAME
SUPPLIERCONTACTS,CONTACTID,SUPPLIERID,FIRSTNAME,LASTNAME,TITLE,PHONE,PHONEEXT,ALTPHONE,ALTPHONEEXT,FAX,FAXEXT,EMAIL,NOTES,ISPRIMARY
SUPPLIERINVOICEDETAILIMPORT,ITEMID,SUPPLIERINVOICEIMPORTID,SUPPLIERINVOICELINENUM,MFRID,PARTNUMBER,DESCRIPTION,QUANTITY,PRICE,UOM,SERIALNUMBER
SUPPLIERINVOICEIMPORT,SUPPLIERINVOICEIMPORTID,SUPPLIERID,SUPPLIERINVOICENUMBER,SUPPLIERINVOICEDATE,SHIPPINGCARRIER,TRACKINGNUMBER,IDEALPURCHASEORDERID,SHIPPINGAMOUNT,HANDLINGAMOUNT,TAXAMOUNT,PORECEIPTID,DUEAMOUNT
SUPPLIERMFR,SUPPLIERID,MFRID,PREFERENCE
SUPPLIERPRODUCTPRICECODE,PRICINGID,SUPPLIERID,PRODUCTPRICECODE,STARTDATE,ENDDATE,CALCULATIONBASE,CALCULATIONTYPE,CALCULATIONAMOUNT,QTYDISCOUNTCODE,INFODATE
SUPPLIERTERMS,TERMS,NETDAYS,CASHDISCOUNTDAYS,CASHDISCOUNTPCT
SUPPLIERTYPE,SUPPLIERTYPE,DESCRIPTION,APSUBLEDGERACCOUNTID,BANKACCOUNTID,ISPRINT1099,TERMS,SHIPVIA,VATCODE,CREDITLIMIT,FIELD1,FIELD2,FIELD3,PAYMENTAPTYPE,APSETPAYMENTDATEREGULAR,APSETPAYMENTDATEFLOORPLAN,APSETPAYMENTDATEDAYS,APSETPAYMENTDATETYPE,APSETPAYMENTDATECREDIT,DEFAULTPAYTO,ISACTIVE
TAXAGENCYTAXCLASS,SALESTAXAGENCY,SALESTAXCLASS,ISTAXABLE
TCFLOANS,LOANID,MAKE,MODEL,MFRID,PARTNUMBER,SERIALNUMBER,AMOUNT,PLANCODE,MANUFACTURERINVOICENUMBER,INVOICEPURCHASEDATE,FREEPERIODENDDATE,TCFIF_ID,PURCHASEORDERITEMID,STOCKNUMBER
TEMP1117WORK3,APPLICATIONID,ITEMID,TRANSID,TRANSDATE,RECONCILEID,BANKRECONCILEDDATE,AMOUNT,SUPPLIERID,SUPPLIERNAME,TRANSTYPE,REFERENCE,APPLICATION
TEMP1118WORK1,APPLICATIONID,TRANSID,TRANSDATE,AMOUNT,CUSTOMERID,CUSTOMERNAME,TRANSTYPE,REFERENCE,APPLICATION,BANKACCOUNTID
TEMP1118WORK2,APPLICATIONID,TRANSID,TRANSDATE,AMOUNT,CUSTOMERID,CUSTOMERNAME,TRANSTYPE,REFERENCE,APPLICATION,BANKACCOUNTID
TEMP1118WORK3,APPLICATIONID,TRANSID,TRANSDATE,AMOUNT,CUSTOMERID,CUSTOMERNAME,TRANSTYPE,REFERENCE,APPLICATION,BANKACCOUNTID
TEMP1118WORK42,APPLICATIONID,TRANSID,TRANSDATE,AMOUNT,CUSTOMERID,CUSTOMERNAME,TRANSTYPE,REFERENCE,APPLICATION,BANKACCOUNTID
TEMP1118WORK5,APPLICATIONID,TRANSID,TRANSDATE,AMOUNT,CUSTOMERID,CUSTOMERNAME,TRANSTYPE,REFERENCE,APPLICATION,BANKACCOUNTID
TEMP1118WORK7,APPLICATIONID,TRANSID,TRANSDATE,AMOUNT,CUSTOMERID,CUSTOMERNAME,TRANSTYPE,REFERENCE,APPLICATION,BANKACCOUNTID
TEMP11322,CUSTOMERID,NAME,FIRSTNAME,LASTNAME,BILLADDRESS1,BILLADDRESS2,BILLCITY,BILLSTATE,BILLZIP,ISORGANIZATION,CUSTOMERTYPE,ZIP,STATE,SALESREP,PHONE,ALTPHONE,ALTPHONEEXT,FAX,CELL,CUSTOMERPRICELEVEL,SHIPTONAME,SHIPTOADDRESS1,SHIPTOADDRESS2,SHIPTOCITY,SHIPTOSTATE,SHIPTOZIP,SHIPTOPHONE,SHIPTOALTPHONE,SHIPTOALTPHONEEXT,SHIPTOFAX,SHIPTOEMAIL,NAMESEARCH,EMAIL,FIELD1,FIELD2,FIELD3
TEMP1151D8WORK1,ACCTYPE,ACCITEMID,MFRID,PARTNUMBER,DESCRIPTION,REQQUANTITY,ALLOCQUANTITY,BOQUANTITY,SOLDQUANTITY,COST,TRANSID,ITEMIZE,LISTPRICE
TEMP1151D8WORK2,ACCTYPE,ACCITEMID,MFRID,PARTNUMBER,DESCRIPTION,REQQUANTITY,ALLOCQUANTITY,BOQUANTITY,SOLDQUANTITY,COST,TRANSID,ITEMIZE,LISTPRICE
TEMP1151D8WORK3,ACCTYPE,ACCITEMID,MFRID,PARTNUMBER,DESCRIPTION,REQQUANTITY,ALLOCQUANTITY,BOQUANTITY,SOLDQUANTITY,COST,TRANSID,ITEMIZE,LISTPRICE
TEMP1151D8WORK42,ACCTYPE,ACCITEMID,MFRID,PARTNUMBER,DESCRIPTION,REQQUANTITY,ALLOCQUANTITY,BOQUANTITY,SOLDQUANTITY,COST,TRANSID,ITEMIZE,LISTPRICE
TEMP1151D8WORK49,ACCTYPE,ACCITEMID,MFRID,PARTNUMBER,DESCRIPTION,REQQUANTITY,ALLOCQUANTITY,BOQUANTITY,SOLDQUANTITY,COST,TRANSID,ITEMIZE,LISTPRICE
TEMP1151D8WORK5,ACCTYPE,ACCITEMID,MFRID,PARTNUMBER,DESCRIPTION,REQQUANTITY,ALLOCQUANTITY,BOQUANTITY,SOLDQUANTITY,COST,TRANSID,ITEMIZE,LISTPRICE
TEMP1151D8WORK7,ACCTYPE,ACCITEMID,MFRID,PARTNUMBER,DESCRIPTION,REQQUANTITY,ALLOCQUANTITY,BOQUANTITY,SOLDQUANTITY,COST,TRANSID,ITEMIZE,LISTPRICE
TEMP1151D8WORKSRV1,SRVTYPE,SRVITEMID,CODEGROUPID,CODETYPE,JOBCODE,DESCRIPTION,HOURS,AMOUNT,COST,TRANSID,ITEMIZE,LISTPRICE
TEMP1151D8WORKSRV2,SRVTYPE,SRVITEMID,CODEGROUPID,CODETYPE,JOBCODE,DESCRIPTION,HOURS,AMOUNT,COST,TRANSID,ITEMIZE,LISTPRICE
TEMP1151D8WORKSRV3,SRVTYPE,SRVITEMID,CODEGROUPID,CODETYPE,JOBCODE,DESCRIPTION,HOURS,AMOUNT,COST,TRANSID,ITEMIZE,LISTPRICE
TEMP1151D8WORKSRV42,SRVTYPE,SRVITEMID,CODEGROUPID,CODETYPE,JOBCODE,DESCRIPTION,HOURS,AMOUNT,COST,TRANSID,ITEMIZE,LISTPRICE
TEMP1151D8WORKSRV49,SRVTYPE,SRVITEMID,CODEGROUPID,CODETYPE,JOBCODE,DESCRIPTION,HOURS,AMOUNT,COST,TRANSID,ITEMIZE,LISTPRICE
TEMP1151D8WORKSRV5,SRVTYPE,SRVITEMID,CODEGROUPID,CODETYPE,JOBCODE,DESCRIPTION,HOURS,AMOUNT,COST,TRANSID,ITEMIZE,LISTPRICE
TEMP1151D8WORKSRV7,SRVTYPE,SRVITEMID,CODEGROUPID,CODETYPE,JOBCODE,DESCRIPTION,HOURS,AMOUNT,COST,TRANSID,ITEMIZE,LISTPRICE
TEMP11521B,MFRID,PARTNUMBER,ONHANDAVAILABLEQUANTITY,BINLOCATION,DESCRIPTION,DESCRIPTIONSEARCH,LISTPRICE,UNITOFMEASURE,PRODUCTTYPE,CATEGORY,LOCATIONNAME,MFRNAME
TEMP11522B,MFRID,PARTNUMBER,ONHANDAVAILABLEQUANTITY,BINLOCATION,DESCRIPTION,DESCRIPTIONSEARCH,LISTPRICE,UNITOFMEASURE,PRODUCTTYPE,CATEGORY,LOCATIONNAME,MFRNAME
TEMP115242B,MFRID,PARTNUMBER,ONHANDAVAILABLEQUANTITY,BINLOCATION,DESCRIPTION,DESCRIPTIONSEARCH,LISTPRICE,UNITOFMEASURE,PRODUCTTYPE,CATEGORY,LOCATIONNAME,MFRNAME
TEMP115249B,MFRID,PARTNUMBER,ONHANDAVAILABLEQUANTITY,BINLOCATION,DESCRIPTION,DESCRIPTIONSEARCH,LISTPRICE,UNITOFMEASURE,PRODUCTTYPE,CATEGORY,LOCATIONNAME,MFRNAME
TEMP11525B,MFRID,PARTNUMBER,ONHANDAVAILABLEQUANTITY,BINLOCATION,DESCRIPTION,DESCRIPTIONSEARCH,LISTPRICE,UNITOFMEASURE,PRODUCTTYPE,CATEGORY,LOCATIONNAME,MFRNAME
TEMP11527B,MFRID,PARTNUMBER,ONHANDAVAILABLEQUANTITY,BINLOCATION,DESCRIPTION,DESCRIPTIONSEARCH,LISTPRICE,UNITOFMEASURE,PRODUCTTYPE,CATEGORY,LOCATIONNAME,MFRNAME
TEMP1152SO5,MFRID,PARTNUMBER
TEMP12742,APPLICATIONID,TRANSID,TRANSDATE,AMOUNT,CUSTOMERID,CUSTOMERNAME,TRANSTYPE,REFERENCE,APPLICATION
TEMP12743,APPLICATIONID,TRANSID,TRANSDATE,AMOUNT,CUSTOMERID,CUSTOMERNAME,TRANSTYPE,REFERENCE,APPLICATION
TEMP1413SUPPLIERWORK3,SUPPLIERID,APTYPE,PAYMETHOD,NAME,PAYMENTAMOUNT,REFERENCE
TEMP1413WORK3,SUPPLIERID,ORDERBYTRANSDATE,APPLYTOAPTRANSID,APTRANSID,SEQUENCEID,APTYPE,TRANSDATE,REFERENCE,INVOICEAMOUNT,APBALANCE,GROSSPAYAMOUNT,PAYMENTDATE,SCHEDULEDPAYAMOUNT,SCHEDULEDDISCOUNTAMOUNT,ISPAYMENTHOLD,NETDATE,CASHDISCOUNTDATE,CASHDISCOUNTAMOUNT,NETPAYAMOUNT,PRODUCTSERIALNUMBER,PARTNUMBER,MFRID,PAYNOW
TEMP15762,MFRID,PARTNUMBER,LOCATIONID,BINLOCATION,LASTCOUNTEDDATE,ALLOCATEDQUANTITY,ONHANDAVAILABLEQUANTITY,ONORDERQUANTITY,ORDERDATE,STOCKLEVEL1,STOCKLEVEL2,STOCKLEVEL3,STOCKLEVEL4,BACKORDERQTY,BACKORDERDATE
TEMP1576SO2,MFRID,PARTNUMBER,LOCATIONID
TEMP1611DEPPAYMENT5,ITEMID,APPLYTYPE,PAYMENTARTRANSID,PAYMENTARTYPE,AMOUNT,REFERENCE,DESCRIPTION,CCNUMBER,CCEXPMONTH,CCEXPYEAR,CCRESPCODE,CCAUTH,CCCLERK,CCCOMMENT,CCTOTAL,CCBILLTOST,CCBILLTOZIP,CCANS,CCRESULTS,CCSIGNATUREDATA
TEMP1611PAYMENT1,ITEMID,APPLYTYPE,PAYMENTARTRANSID,PAYMENTARTYPE,AMOUNT,REFERENCE,DESCRIPTION,CCNUMBER,CCEXPMONTH,CCEXPYEAR,CCRESPCODE,CCAUTH,CCCLERK,CCCOMMENT,CCTOTAL,CCBILLTOST,CCBILLTOZIP,CCANS,CCRESULTS,CCSIGNATUREDATA
TEMP1611PAYMENT2,ITEMID,APPLYTYPE,PAYMENTARTRANSID,PAYMENTARTYPE,AMOUNT,REFERENCE,DESCRIPTION,CCNUMBER,CCEXPMONTH,CCEXPYEAR,CCRESPCODE,CCAUTH,CCCLERK,CCCOMMENT,CCTOTAL,CCBILLTOST,CCBILLTOZIP,CCANS,CCRESULTS,CCSIGNATUREDATA
TEMP1611PAYMENT42,ITEMID,APPLYTYPE,PAYMENTARTRANSID,PAYMENTARTYPE,AMOUNT,REFERENCE,DESCRIPTION,CCNUMBER,CCEXPMONTH,CCEXPYEAR,CCRESPCODE,CCAUTH,CCCLERK,CCCOMMENT,CCTOTAL,CCBILLTOST,CCBILLTOZIP,CCANS,CCRESULTS,CCSIGNATUREDATA
TEMP1611PAYMENT49,ITEMID,APPLYTYPE,PAYMENTARTRANSID,PAYMENTARTYPE,AMOUNT,REFERENCE,DESCRIPTION,CCNUMBER,CCEXPMONTH,CCEXPYEAR,CCRESPCODE,CCAUTH,CCCLERK,CCCOMMENT,CCTOTAL,CCBILLTOST,CCBILLTOZIP,CCANS,CCRESULTS,CCSIGNATUREDATA
TEMP1611PAYMENT5,ITEMID,APPLYTYPE,PAYMENTARTRANSID,PAYMENTARTYPE,AMOUNT,REFERENCE,DESCRIPTION,CCNUMBER,CCEXPMONTH,CCEXPYEAR,CCRESPCODE,CCAUTH,CCCLERK,CCCOMMENT,CCTOTAL,CCBILLTOST,CCBILLTOZIP,CCANS,CCRESULTS,CCSIGNATUREDATA
TEMP1611PAYMENT7,ITEMID,APPLYTYPE,PAYMENTARTRANSID,PAYMENTARTYPE,AMOUNT,REFERENCE,DESCRIPTION,CCNUMBER,CCEXPMONTH,CCEXPYEAR,CCRESPCODE,CCAUTH,CCCLERK,CCCOMMENT,CCTOTAL,CCBILLTOST,CCBILLTOZIP,CCANS,CCRESULTS,CCSIGNATUREDATA
TEMP16772,ARTRANSID,SALESTAXAGENCY,TAXEXEMPT,SALESTAXCODE,TAXEACHLINE,TAXRATE1,RATELIMIT,TAXRATE2,LIABILITYACCOUNTID,SALES,SALESABOVE,TAXBYLINE,CURRENTPERCENTPAID,ISFLORIDATAX
TEMP1716WORK1,MFRID,PARTNUMBER,LOCATIONID,DESCRIPTIONSEARCH,LOOKUPPARTNUMBER,PRODUCTTYPE,CATEGORY,OHAQ,ONORDERQTY,ONSTOCKORDERQTY,ONDROPSHIPORDERQTY,ALLOCATEDRETURNQTY,SPECIALORDERDROPSHIPQTY,SPECIALORDERQTY,UNORDEREDSPECIALORDERQTY,MINIMUMQTY,MAXIMUMQTY,SALESHISTQTY,LOSTSALESQTY,PREFERREDSUPPLIERID,PRODUCTPREFERREDSUPPLIERID,COMPOSITEKEY
TEMP1716WORK2,MFRID,PARTNUMBER,LOCATIONID,DESCRIPTIONSEARCH,LOOKUPPARTNUMBER,PRODUCTTYPE,CATEGORY,OHAQ,ONORDERQTY,ONSTOCKORDERQTY,ONDROPSHIPORDERQTY,ALLOCATEDRETURNQTY,SPECIALORDERDROPSHIPQTY,SPECIALORDERQTY,UNORDEREDSPECIALORDERQTY,MINIMUMQTY,MAXIMUMQTY,SALESHISTQTY,LOSTSALESQTY,PREFERREDSUPPLIERID,PRODUCTPREFERREDSUPPLIERID,COMPOSITEKEY
TEMP1716WORK5,MFRID,PARTNUMBER,LOCATIONID,DESCRIPTIONSEARCH,LOOKUPPARTNUMBER,PRODUCTTYPE,CATEGORY,OHAQ,ONORDERQTY,ONSTOCKORDERQTY,ONDROPSHIPORDERQTY,ALLOCATEDRETURNQTY,SPECIALORDERDROPSHIPQTY,SPECIALORDERQTY,UNORDEREDSPECIALORDERQTY,MINIMUMQTY,MAXIMUMQTY,SALESHISTQTY,LOSTSALESQTY,PREFERREDSUPPLIERID,PRODUCTPREFERREDSUPPLIERID,COMPOSITEKEY
TEMP1716WORKSO1,ITEMID,MFRID,PARTNUMBER,LOCATIONID,DESCRIPTIONSEARCH,LOOKUPPARTNUMBER,PRODUCTTYPE,CATEGORY,ONORDERQUANTITY,ALLOCATEDQUANTITY,SPECIALORDERQTY,ORDEREDSPECIALORDERQTY,UNORDEREDSPECIALORDERQTY,SHIPDATE,PURCHASEDAYS,PREFERREDSUPPLIERID,PRODUCTPREFERREDSUPPLIERID,ISHOLD
TEMP1716WORKSO2,ITEMID,MFRID,PARTNUMBER,LOCATIONID,DESCRIPTIONSEARCH,LOOKUPPARTNUMBER,PRODUCTTYPE,CATEGORY,ONORDERQUANTITY,ALLOCATEDQUANTITY,SPECIALORDERQTY,ORDEREDSPECIALORDERQTY,UNORDEREDSPECIALORDERQTY,SHIPDATE,PURCHASEDAYS,PREFERREDSUPPLIERID,PRODUCTPREFERREDSUPPLIERID,ISHOLD
TEMP1716WORKSO5,ITEMID,MFRID,PARTNUMBER,LOCATIONID,DESCRIPTIONSEARCH,LOOKUPPARTNUMBER,PRODUCTTYPE,CATEGORY,ONORDERQUANTITY,ALLOCATEDQUANTITY,SPECIALORDERQTY,ORDEREDSPECIALORDERQTY,UNORDEREDSPECIALORDERQTY,SHIPDATE,PURCHASEDAYS,PREFERREDSUPPLIERID,PRODUCTPREFERREDSUPPLIERID,ISHOLD
TEMPACCOUNTREGISTER3,APPLICATIONID,TRANSID,ITEMID,TRANSDATE,REFERENCE,AMOUNT,NAME,RECONCILEDDATE
TEMPAPAPPLYTO2,APTRANSID,APTYPE,TRANSDATE,REFERENCE,APAMOUNT,APBALANCE,NETDATE,CASHDISCOUNTDATE,CASHDISCOUNTAMOUNT,APPLYAMOUNT,PRODUCTSERIALNUMBER,PARTNUMBER,MFRID
TEMPAPAPPLYTO23,APTRANSID,APTYPE,TRANSDATE,REFERENCE,APAMOUNT,APBALANCE,NETDATE,CASHDISCOUNTDATE,CASHDISCOUNTAMOUNT,APPLYAMOUNT,PRODUCTSERIALNUMBER,PARTNUMBER,MFRID
TEMPAPAPPLYTO3,APTRANSID,APTYPE,TRANSDATE,REFERENCE,APAMOUNT,APBALANCE,NETDATE,CASHDISCOUNTDATE,CASHDISCOUNTAMOUNT,APPLYAMOUNT,PRODUCTSERIALNUMBER,PARTNUMBER,MFRID
TEMPAPAPPLYTO49,APTRANSID,APTYPE,TRANSDATE,REFERENCE,APAMOUNT,APBALANCE,NETDATE,CASHDISCOUNTDATE,CASHDISCOUNTAMOUNT,APPLYAMOUNT,PRODUCTSERIALNUMBER,PARTNUMBER,MFRID
TEMPAPCHECK3,CHECKAPTRANSID,PAGEID,CHECKID,SUPPLIERID,APTYPE,TRANSDATE,REFERENCE,GROSSPAYAMOUNT,CASHDISCOUNTAMOUNT,NETPAYAMOUNT,NETPAYSTRING,NETPAYINWORDS,APSUBLEDGERACCOUNTID,BANKACCOUNTID,CASHDISCTEARNACCOUNTID,APPLIEDPAYAMOUNT,PAYMETHOD
TEMPAPCHECKDETAIL3,CHECKAPTRANSID,PAGEID,ITEMID,APPLYTOAPTRANSID,APTRANSID,APTYPE,TRANSDATE,REFERENCE,APBALANCE,INVOICEAMOUNT,GROSSPAYAMOUNT,CASHDISCOUNTAMOUNT,NETPAYAMOUNT
TEMPARAPPLYTO1,ARTRANSID,ARTYPE,TRANSDATE,REFERENCE,ARAMOUNT,ARBALANCE,NETDATE,CASHDISCOUNTDATE,CASHDISCOUNTAMOUNT,APPLYAMOUNT
TEMPARAPPLYTO2,ARTRANSID,ARTYPE,TRANSDATE,REFERENCE,ARAMOUNT,ARBALANCE,NETDATE,CASHDISCOUNTDATE,CASHDISCOUNTAMOUNT,APPLYAMOUNT
TEMPARAPPLYTO5,ARTRANSID,ARTYPE,TRANSDATE,REFERENCE,ARAMOUNT,ARBALANCE,NETDATE,CASHDISCOUNTDATE,CASHDISCOUNTAMOUNT,APPLYAMOUNT
TEMPARAPPLYTO7,ARTRANSID,ARTYPE,TRANSDATE,REFERENCE,ARAMOUNT,ARBALANCE,NETDATE,CASHDISCOUNTDATE,CASHDISCOUNTAMOUNT,APPLYAMOUNT
TEMPARPAYMENTAPPLYTO1,ARTRANSID,ARTYPE,TRANSDATE,REFERENCE,ARAMOUNT,ARBALANCE,APPLYAMOUNT,DISCOUNTAPPLYAMOUNT,NETDATE,CASHDISCOUNTDATE,CASHDISCOUNTAMOUNT,ORIGINLOCATIONID
TEMPARPAYMENTAPPLYTO2,ARTRANSID,ARTYPE,TRANSDATE,REFERENCE,ARAMOUNT,ARBALANCE,APPLYAMOUNT,DISCOUNTAPPLYAMOUNT,NETDATE,CASHDISCOUNTDATE,CASHDISCOUNTAMOUNT,ORIGINLOCATIONID
TEMPARPAYMENTAPPLYTO5,ARTRANSID,ARTYPE,TRANSDATE,REFERENCE,ARAMOUNT,ARBALANCE,APPLYAMOUNT,DISCOUNTAPPLYAMOUNT,NETDATE,CASHDISCOUNTDATE,CASHDISCOUNTAMOUNT,ORIGINLOCATIONID
TEMPARPAYMENTAPPLYTO7,ARTRANSID,ARTYPE,TRANSDATE,REFERENCE,ARAMOUNT,ARBALANCE,APPLYAMOUNT,DISCOUNTAPPLYAMOUNT,NETDATE,CASHDISCOUNTDATE,CASHDISCOUNTAMOUNT,ORIGINLOCATIONID
TEMPARTRANSAGED2T1378,ARTRANSID,CUSTOMERID,ARTYPE,TRANSDATE,REFERENCE,ARBALANCE,ARAMOUNT,NETDATE,ARSUBLEDGERACCOUNTID,AGINGAVGDAYS,ARBALANCEAGINGAVGDAYS,ARBALANCEDEBIT,AGINGBALANCE1,AGINGBALANCE2,AGINGBALANCE3,AGINGBALANCE4,AGINGBALANCE5
TEMPCUSTOMERARAGED2T1378,ARSUBLEDGERACCOUNTID,CUSTOMERID,ARBALANCE,AGINGBALANCE1,AGINGBALANCE2,AGINGBALANCE3,AGINGBALANCE4,AGINGBALANCE5,AGINGAVGDAYS,ARBALANCEAGINGAVGDAYS,ARBALANCEDEBIT,ARCURRENTBALANCE
TEMPMASTER16882,USERNAME,ARTYPE,SALESAMOUNT,DEPOSITAMOUNT,DEPOSITRETURNEDAMOUNT,TOTALRECEIPTS
TEMPMULTINVOICE16185,SALESORDERID,CUSTOMERID,CUSTOMERNAME,BILLTOCUSTOMERID,SHIPTOCUSTOMERID,LOCATIONID,SALESREP,PONUMBER,ORDERTYPE,ISHOLD,ORDERACTION,ORDERDATE,WARRANTYCOUNT,TERMS,HASTERMS,PAIDPARTS,PAIDORDER,SUBTOTALPARTS,TAXPARTS,TOTALPARTS,DUEPARTS,SUBTOTALORDER,TAXORDER,TOTALORDER,DUEORDER
TEMPMULTINVOICE16187,SALESORDERID,CUSTOMERID,CUSTOMERNAME,BILLTOCUSTOMERID,SHIPTOCUSTOMERID,LOCATIONID,SALESREP,PONUMBER,ORDERTYPE,ISHOLD,ORDERACTION,ORDERDATE,WARRANTYCOUNT,TERMS,HASTERMS,PAIDPARTS,PAIDORDER,SUBTOTALPARTS,TAXPARTS,TOTALPARTS,DUEPARTS,SUBTOTALORDER,TAXORDER,TOTALORDER,DUEORDER
TEMPPRICINGDATA1,CUSTOMERPRICELEVEL,DESCRIPTION,NORMALPRICELEVEL,SHORTCUTPL
TEMPPRICINGDATA2,CUSTOMERPRICELEVEL,DESCRIPTION,NORMALPRICELEVEL,SHORTCUTPL
TEMPPRICINGDATA23,CUSTOMERPRICELEVEL,DESCRIPTION,NORMALPRICELEVEL,SHORTCUTPL
TEMPPRICINGDATA42,CUSTOMERPRICELEVEL,DESCRIPTION,NORMALPRICELEVEL,SHORTCUTPL
TEMPPRICINGDATA49,CUSTOMERPRICELEVEL,DESCRIPTION,NORMALPRICELEVEL,SHORTCUTPL
TEMPPRICINGDATA5,CUSTOMERPRICELEVEL,DESCRIPTION,NORMALPRICELEVEL,SHORTCUTPL
TEMPPRICINGDATA7,CUSTOMERPRICELEVEL,DESCRIPTION,NORMALPRICELEVEL,SHORTCUTPL
TEMPSUPERCEDE1,SUPERCEDEPOS,MFRID,PARTNUMBER,QUANTITY,NETPRICE,BINLOCATION,TOTALQUANTITY,SUPERCEDEMFRID,SUPERCEDETO,DESCRIPTION
TEMPSUPERCEDE2,SUPERCEDEPOS,MFRID,PARTNUMBER,QUANTITY,NETPRICE,BINLOCATION,TOTALQUANTITY,SUPERCEDEMFRID,SUPERCEDETO,DESCRIPTION
TEMPSUPERCEDE42,SUPERCEDEPOS,MFRID,PARTNUMBER,QUANTITY,NETPRICE,BINLOCATION,TOTALQUANTITY,SUPERCEDEMFRID,SUPERCEDETO,DESCRIPTION
TEMPSUPERCEDE49,SUPERCEDEPOS,MFRID,PARTNUMBER,QUANTITY,NETPRICE,BINLOCATION,TOTALQUANTITY,SUPERCEDEMFRID,SUPERCEDETO,DESCRIPTION
TEMPSUPERCEDE5,SUPERCEDEPOS,MFRID,PARTNUMBER,QUANTITY,NETPRICE,BINLOCATION,TOTALQUANTITY,SUPERCEDEMFRID,SUPERCEDETO,DESCRIPTION
TEMPSUPERCEDE7,SUPERCEDEPOS,MFRID,PARTNUMBER,QUANTITY,NETPRICE,BINLOCATION,TOTALQUANTITY,SUPERCEDEMFRID,SUPERCEDETO,DESCRIPTION
TERMS,TERMS,NETDAYS,CASHDISCOUNTDAYS,CASHDISCOUNTPCT
UNDEPOSITEDFUNDS,UNDEPOSITEDACCOUNTID
VAT,VATCODE,DESCRIPTION,VATRATE
VATMAP,CUSTOMERVATCODE,PRODUCTVATCODE,VATCODE
VERSIONINFO,MAJORVERSION,MINORVERSION,RELEASENUMBER,VERSIONSTR,UPDATEDATE,COMPUTERNAME,INSTALLLOG,BUILDNUMBER
VIEWGROUPS,GROUPID,VIEWNAME,DESCRIPTION,SHAREDGROUPID
VIEWS,VIEWNAME,GROUPID,TEMPLATE,DATA,DESCRIPTION
WARRANTOR,WARRANTORID,NAME,ADDRESS1,ADDRESS2,CITY,STATE,ZIP,COUNTRY,PHONE,PHONEEXT,ALTPHONE,ALTPHONEEXT,FAX,FAXEXT,EMAIL,WEBPAGE,YOURDEALERNUMBER,LABORRATE,CUSTOMERID,SUPPLIERID,MFRID,ENTRYDATE,NOTES,NAMESEARCH,CITYSEARCH,PARTSCLAIMPARTNUMBER,PARTSCLAIMMFRID,LABORCLAIMPARTNUMBER,LABORCLAIMMFRID
WARRANTOREXTRA,WARRANTORID,FIELDNAME,FIELDVALUE
WARRANTYCLAIM,WARRANTYCLAIMID,WORKORDERID,WARRANTORID,CLAIMTYPE,CLAIMNUMBER,CLAIMSTATUS,CLAIMDATE,MFRID,MODELNUMBER,SPECNUMBER,SERIALNUMBER,EQUIPMENTTYPE,METER,MODELYEAR,REFERENCE,PURCHASEDATE,ORIGSOLDBY,FAILDATE,REPAIRSTARTDATE,REPAIRCOMPLETEDATE,FAILEDPARTNUMBER,FAILEDPARTNAME,PROBLEMNOTES,PERFORMEDNOTES,ARTRANSID,RECONCILEDARTRANSID,RECONCILEDNOTES,SALESTAXCODE,LABORRATE,ISINVOICETAXABLE
WARRANTYCLAIMEXTRA,WARRANTYCLAIMID,FIELDNAME,CLAIMVALUE
WORKORDER,WORKORDERID,CUSTOMERID,PRIORITY,TAGNUMBER,JOBEMPLOYEE,MFRID,PARTNUMBER,PRODUCTSERIALNUMBER,PRODUCTDESCRIPTION,PURCHASEDATE,PICKUP,PICKUPDATE,DELIVER,DELIVERDATE,MODELYEAR,METER,REFERENCE,ENTRYDATE,FAILDATE,INDATE,STARTDATE,ESTIMATEDCOMPLETEDATE,COMPLETEDATE,OUTDATE,CLOSEDATE,FIRSTNOTIFYDATE,SECONDNOTIFYDATE,NOTIFYMEMO,CODEGROUPID,ENGINEMFRID,ENGINEMODELNUMBER,ENGINESERIALNUMBER,SYMPTOMNOTES,REQUESTNOTES,NOTES,WARRANTYMONTHS,LABORASONELINE,STOCKNUMBER
WORKORDERDETAIL,ITEMID,WORKORDERID,CODEGROUPID,CODETYPE,JOBCODE,DESCRIPTION,SERVICEPRODUCTID,SERVICEMFRID,HOURS,RATE,AMOUNT,TOTAL,JOBEMPLOYEE,WARRANTYCLAIMID,BILLED,SERVICECATEGORY,SERVICESALESTAXCLASS,SETJOBITEMID,SETITEMID,ITEMIZE,STOCKUNITLISTPRICE,LABORITEMID,WARRANTYCODE,WORKORDERJOBID,EXTRAISPERCENT,EXTRAPERCENTOF,EXTRAPERCENTMAX,EXTRAITEMSTYPE,EXTRAPERCENT
WORKORDERHIST,WORKORDERID,CUSTOMERID,PRIORITY,TAGNUMBER,JOBEMPLOYEE,MFRID,PARTNUMBER,PRODUCTSERIALNUMBER,PRODUCTDESCRIPTION,PURCHASEDATE,PICKUP,PICKUPDATE,DELIVER,DELIVERDATE,METER,MODELYEAR,REFERENCE,ENTRYDATE,FAILDATE,INDATE,STARTDATE,ESTIMATEDCOMPLETEDATE,COMPLETEDATE,OUTDATE,CLOSEDATE,FIRSTNOTIFYDATE,SECONDNOTIFYDATE,NOTIFYMEMO,CODEGROUPID,ENGINEMFRID,ENGINEMODELNUMBER,ENGINESERIALNUMBER,SYMPTOMNOTES,REQUESTNOTES,NOTES,SALESORDERTYPE,STOCKNUMBER
WORKORDERHISTDETAIL,ITEMID,WORKORDERID,CODEGROUPID,CODETYPE,JOBCODE,DESCRIPTION,SERVICEPRODUCTID,SERVICEMFRID,HOURS,RATE,AMOUNT,TOTAL,JOBEMPLOYEE,WARRANTYCLAIMID,BILLED,SERVICECATEGORY,SERVICESALESTAXCLASS,SETJOBITEMID,SETITEMID,ITEMIZE,STOCKUNITLISTPRICE,LABORITEMID,WARRANTYCODE,WORKORDERJOBID,EXTRAISPERCENT,EXTRAPERCENTOF,EXTRAPERCENTMAX,EXTRAITEMSTYPE,EXTRAPERCENT
WORKORDERHISTJOB,WORKORDERJOBID,WORKORDERID,JOBPOSITION,JOBDESCRIPTION,REFERENCE,STATUS,JOBEMPLOYEE,STARTDATE,ESTIMATEDCOMPLETEDATE,COMPLETEDATE,STOCKNUMBER,MFRID,PARTNUMBER,PRODUCTSERIALNUMBER,PRODUCTDESCRIPTION,METER,SYMPTOMNOTES,REQUESTNOTES,NOTES,JOBSALESREP
WORKORDERJOB,WORKORDERJOBID,WORKORDERID,JOBPOSITION,JOBDESCRIPTION,REFERENCE,STATUS,JOBEMPLOYEE,STARTDATE,ESTIMATEDCOMPLETEDATE,COMPLETEDATE,STOCKNUMBER,MFRID,PARTNUMBER,PRODUCTSERIALNUMBER,PRODUCTDESCRIPTION,METER,SYMPTOMNOTES,REQUESTNOTES,NOTES,STATUSDATE,JOBSALESREP
